代码,名称,最新价,成交额,剔除原因,剔除说明,主题
sz159998,计算机ETF天弘,0.962,75972475,,,计算机
sz159997,电子ETF天弘,2.135,74946184,,,电子
sz159996,家电ETF国泰,1.418,43819277,,,家电
sz159995,芯片ETF华夏,1.167,770658632,dedup,同主题「半导体」，代表为 sh513310 中韩半导体ETF华泰柏瑞,半导体
sz159994,通信ETF银华,1.321,242902796,dedup,同主题「通信」，代表为 sh515880 通信ETF国泰,通信
sz159993,证券ETF鹏华,1.153,49450579,dedup,同主题「券商」，代表为 sh512880 证券ETF国泰,券商
sz159992,创新药ETF银华,0.867,689723558,,,医药·A股
sz159991,创业板大盘ETF招商,0.814,4233887,asset_class,A股宽基指数（名称含「创业板」）,
sz159985,豆粕ETF华夏,2.323,614813721,asset_class,商品（名称含「豆粕」）,
sz159982,中证500ETF鹏华,2.112,11701829,asset_class,A股宽基指数（名称含「中证500」）,
sz159981,能源化工ETF建信,1.743,780686123,asset_class,商品（名称含「能源化工」）,
sz159980,有色ETF大成,2.181,458976772,dedup,同主题「有色金属」，代表为 sh512400 有色金属ETF南方,有色金属
sz159977,创业板ETF天弘,1.774,289843141,asset_class,A股宽基指数（名称含「创业板」）,
sz159976,湾创ETF工银,1.291,203148,illiquid,当日成交额 20 万 ≤ 2000 万,
sz159975,深100ETF招商,0.738,3395622,illiquid,当日成交额 340 万 ≤ 2000 万,
sz159974,央企创新ETF富国,1.785,394839,illiquid,当日成交额 39 万 ≤ 2000 万,
sz159973,民企ETF弘毅远方,1.866,331957,illiquid,当日成交额 33 万 ≤ 2000 万,
sz159972,5年地方债ETF鹏华,119.791,2334374498,asset_class,债券（名称含「债」）,
sz159971,创业板ETF富国,1.189,92412999,asset_class,A股宽基指数（名称含「创业板」）,
sz159970,深100ETF工银,1.007,319606,illiquid,当日成交额 32 万 ≤ 2000 万,
sz159968,中证500ETF博时,10.305,6791226,asset_class,A股宽基指数（名称含「中证500」）,
sz159967,创业板成长ETF华夏,0.797,598825909,asset_class,A股宽基指数（名称含「创业板」）,
sz159966,创业板价值ETF华夏,0.521,7390495,asset_class,A股宽基指数（名称含「创业板」）,
sz159965,央视50ETF国联,1.625,93018,illiquid,当日成交额 9 万 ≤ 2000 万,
sz159964,创业板ETF平安,2.238,4805851,asset_class,A股宽基指数（名称含「创业板」）,
sz159961,深100ETF方正富邦,2.164,6451282,illiquid,当日成交额 645 万 ≤ 2000 万,
sz159960,恒生中国企业ETF平安,0.839,2444073,asset_class,海外/地域宽基（名称含「恒生中国」）,
sz159959,央企ETF银华,1.638,352957,illiquid,当日成交额 35 万 ≤ 2000 万,
sz159958,创业板ETF工银,2.068,17822918,asset_class,A股宽基指数（名称含「创业板」）,
sz159957,创业板ETF华夏,2.241,144495442,asset_class,A股宽基指数（名称含「创业板」）,
sz159956,创业板ETF建信,2.165,6105188,asset_class,A股宽基指数（名称含「创业板」）,
sz159954,恒生中国企业ETF南方,0.91,743398,asset_class,海外/地域宽基（名称含「恒生中国」）,
sz159952,创业板ETF广发,2.076,716306573,asset_class,A股宽基指数（名称含「创业板」）,
sz159949,创业板50ETF华安,1.592,1562490528,asset_class,A股宽基指数（名称含「创业板」）,
sz159948,创业板ETF南方,3.777,77706790,asset_class,A股宽基指数（名称含「创业板」）,
sz159945,能源ETF广发,1.38,4357258,illiquid,当日成交额 436 万 ≤ 2000 万,
sz159944,材料ETF广发,1.449,3065910,illiquid,当日成交额 307 万 ≤ 2000 万,
sz159943,深证成指ETF大成,1.522,26808629,asset_class,A股宽基指数（名称含「深证成指」）,
sz159941,纳指ETF广发,1.714,1315862666,asset_class,海外/地域宽基（名称含「纳指」）,
sz159940,金融地产ETF广发,1.226,3553524,illiquid,当日成交额 355 万 ≤ 2000 万,
sz159939,信息技术ETF广发,1.128,24849079,,,信息技术
sz159938,医药ETF广发,0.653,34042890,dedup,同主题「医药·A股」，代表为 sz159992 创新药ETF银华,医药·A股
sz159937,黄金ETF博时,8.838,1015331553,asset_class,商品（名称含「黄金」）,
sz159936,可选消费ETF广发,1.883,618628,illiquid,当日成交额 62 万 ≤ 2000 万,
sz159935,中证500ETF景顺,2.472,3943258,asset_class,A股宽基指数（名称含「中证500」）,
sz159934,黄金ETF易方达,9.257,873236967,asset_class,商品（名称含「黄金」）,
sz159933,金融地产ETF国投瑞银,2.932,2353232,illiquid,当日成交额 235 万 ≤ 2000 万,
sz159931,金融地产ETF汇添富,1.885,96301,illiquid,当日成交额 10 万 ≤ 2000 万,
sz159930,能源ETF汇添富,1.717,68456327,,,能源
sz159929,医药ETF汇添富,1.335,51110088,dedup,同主题「医药·A股」，代表为 sz159992 创新药ETF银华,医药·A股
sz159928,消费ETF汇添富,0.658,168247531,,,消费
sz159925,沪深300ETF南方,4.699,86393994,asset_class,A股宽基指数（名称含「沪深300」）,
sz159923,中证A100ETF大成,2.122,1111469,asset_class,A股宽基指数（名称含「A100」）,
sz159922,中证500ETF嘉实,3.184,625539994,asset_class,A股宽基指数（名称含「中证500」）,
sz159920,恒生ETF华夏,1.473,269309970,asset_class,海外/地域宽基（名称含「恒生ETF」）,
sz159919,沪深300ETF嘉实,4.821,1106614243,asset_class,A股宽基指数（名称含「沪深300」）,
sz159918,中创400ETF嘉实,2.498,1624690,illiquid,当日成交额 162 万 ≤ 2000 万,
sz159916,基本面ETF建信,5.047,7060,illiquid,当日成交额 1 万 ≤ 2000 万,
sz159915,创业板ETF易方达,3.42,5932490779,asset_class,A股宽基指数（名称含「创业板」）,
sz159913,深价值ETF交银,2.395,908633,illiquid,当日成交额 91 万 ≤ 2000 万,
sz159912,深300ETF汇添富,1.89,922999,illiquid,当日成交额 92 万 ≤ 2000 万,
sz159910,基本面120ETF嘉实,2.318,1375136,illiquid,当日成交额 138 万 ≤ 2000 万,
sz159909,TMT50ETF招商,1.338,11676410,illiquid,当日成交额 1168 万 ≤ 2000 万,
sz159908,创业板ETF博时,3.191,31236620,asset_class,A股宽基指数（名称含「创业板」）,
sz159907,国证2000ETF广发,1.105,7682919,asset_class,A股宽基指数（名称含「国证2000」）,
sz159906,深成长ETF大成,1.678,12672065,asset_class,A股宽基指数（名称含「深成」）,
sz159905,红利ETF工银,1.594,20537345,illiquid,20 日均额 2542 万 ≤ 3000 万,
sz159903,深成ETF南方,1.681,63449333,asset_class,A股宽基指数（名称含「深成」）,
sz159902,中小100ETF华夏,4.519,3961917,illiquid,当日成交额 396 万 ≤ 2000 万,
sz159901,深证100ETF易方达,3.52,272495244,asset_class,A股宽基指数（名称含「深证100」）,
sz159899,软件ETF招商,0.711,114141700,illiquid,20 日均额 2627 万 ≤ 3000 万,
sz159898,医疗器械ETF招商,0.498,15103061,illiquid,当日成交额 1510 万 ≤ 2000 万,
sz159896,物联网ETF南方,1.29,390734,illiquid,当日成交额 39 万 ≤ 2000 万,
sz159895,物联网ETF易方达,1.392,1734797,illiquid,当日成交额 173 万 ≤ 2000 万,
sz159892,恒生医药ETF华夏,0.833,792204183,dedup,同主题「医药·港股」，代表为 sh520510 港股通医疗ETF华夏,医药·港股
sz159891,医疗ETF建信,0.385,10389369,illiquid,当日成交额 1039 万 ≤ 2000 万,
sz159890,云计算ETF招商,1.724,21124232,illiquid,20 日均额 1791 万 ≤ 3000 万,
sz159889,智能汽车ETF国泰,0.889,2599931,illiquid,当日成交额 260 万 ≤ 2000 万,
sz159888,智能汽车ETF华夏,1.027,11166043,illiquid,当日成交额 1117 万 ≤ 2000 万,
sz159887,银行ETF富国,1.373,65559639,dedup,同主题「银行」，代表为 sh512800 银行ETF华宝,银行
sz159886,机械ETF富国,0.84,3246919,illiquid,当日成交额 325 万 ≤ 2000 万,
sz159885,碳中和ETF鹏华,0.669,378870,illiquid,当日成交额 38 万 ≤ 2000 万,
sz159883,医疗器械ETF永赢,0.445,95166564,,,医疗器械
sz159881,有色金属ETF国泰,0.881,11442190,illiquid,当日成交额 1144 万 ≤ 2000 万,
sz159880,有色ETF鹏华,0.925,19174505,illiquid,当日成交额 1917 万 ≤ 2000 万,
sz159877,医疗ETF南方,0.515,1932669,illiquid,当日成交额 193 万 ≤ 2000 万,
sz159876,有色ETF华宝,0.939,64474967,dedup,同主题「有色金属」，代表为 sh512400 有色金属ETF南方,有色金属
sz159875,新能源ETF嘉实,0.554,41156815,dedup,同主题「新能源」，代表为 sh516160 新能源ETF南方,新能源
sz159873,医疗设备ETF天弘,0.529,9529257,illiquid,当日成交额 953 万 ≤ 2000 万,
sz159872,智能网联汽车ETF鹏华,0.836,546331,illiquid,当日成交额 55 万 ≤ 2000 万,
sz159871,有色ETF银华,0.921,45729461,dedup,同主题「有色金属」，代表为 sh512400 有色金属ETF南方,有色金属
sz159870,化工ETF鹏华,0.772,204625952,,,化工
sz159869,游戏ETF华夏,1.096,434423653,,,游戏
sz159867,养殖ETF鹏华,0.549,24858314,dedup,同主题「养殖」，代表为 sz159865 养殖ETF国泰,养殖
sz159866,日经ETF工银,1.695,227802783,asset_class,海外/地域宽基（名称含「日经」）,
sz159865,养殖ETF国泰,0.539,177406824,,,养殖
sz159864,光伏ETF国泰,0.537,10618406,illiquid,当日成交额 1062 万 ≤ 2000 万,
sz159863,光伏ETF鹏华,0.549,2372687,illiquid,当日成交额 237 万 ≤ 2000 万,
sz159862,食品饮料ETF银华,0.538,673947,illiquid,当日成交额 67 万 ≤ 2000 万,
sz159861,碳中和50ETF国泰,0.978,2950886,illiquid,当日成交额 295 万 ≤ 2000 万,
sz159859,生物医药ETF天弘,0.404,161701111,dedup,同主题「医药·A股」，代表为 sz159992 创新药ETF银华,医药·A股
sz159858,创新药ETF南方,0.701,41194961,illiquid,20 日均额 2535 万 ≤ 3000 万,
sz159857,光伏ETF天弘,0.699,42580181,dedup,同主题「光伏」，代表为 sh515790 光伏ETF华泰柏瑞,光伏
sz159856,互联网龙头ETF工银,0.566,1677062,illiquid,当日成交额 168 万 ≤ 2000 万,
sz159855,影视ETF银华,0.783,15216224,illiquid,当日成交额 1522 万 ≤ 2000 万,
sz159852,软件ETF嘉实,0.674,485825417,,,软件
sz159851,金融科技ETF华宝,0.617,322171010,,,金融科技
sz159850,恒生国企ETF华夏,0.804,4973835,illiquid,当日成交额 497 万 ≤ 2000 万,
sz159849,生物科技ETF招商,0.516,2297782,illiquid,当日成交额 230 万 ≤ 2000 万,
sz159848,证券ETF国联安,0.854,1525306,illiquid,当日成交额 153 万 ≤ 2000 万,
sz159847,医疗ETF易方达,0.417,18072270,illiquid,当日成交额 1807 万 ≤ 2000 万,
sz159845,中证1000ETF华夏,3.227,1946272019,asset_class,A股宽基指数（名称含「中证1000」）,
sz159843,食品饮料ETF招商,0.534,3712046,illiquid,当日成交额 371 万 ≤ 2000 万,
sz159842,券商ETF银华,1.018,204021244,dedup,同主题「券商」，代表为 sh512880 证券ETF国泰,券商
sz159841,证券ETF天弘,0.969,191159871,dedup,同主题「券商」，代表为 sh512880 证券ETF国泰,券商
sz159840,锂电池ETF工银,0.713,77401352,dedup,同主题「锂电池」，代表为 sz159755 电池ETF广发,锂电池
sz159839,生物医药ETF汇添富,0.376,45520432,dedup,同主题「医药·A股」，代表为 sz159992 创新药ETF银华,医药·A股
sz159838,医药50ETF博时,0.587,3641696,illiquid,当日成交额 364 万 ≤ 2000 万,
sz159837,生物科技ETF易方达,0.512,39038245,illiquid,20 日均额 2801 万 ≤ 3000 万,
sz159836,创业板300ETF天弘,1.264,1817227,asset_class,A股宽基指数（名称含「创业板」）,
sz159835,创新药ETF建信,0.672,16805058,illiquid,当日成交额 1681 万 ≤ 2000 万,
sz159834,金ETF南方,9.257,188059351,asset_class,商品（名称含「金ETF」）,
sz159831,金ETF嘉实,8.945,125111776,asset_class,商品（名称含「金ETF」）,
sz159830,金ETF天弘,9.254,95808413,asset_class,商品（名称含「金ETF」）,
sz159828,医疗ETF国泰,0.433,42889900,dedup,同主题「医药·A股」，代表为 sz159992 创新药ETF银华,医药·A股
sz159827,农业ETF银华,0.794,915215,illiquid,当日成交额 92 万 ≤ 2000 万,
sz159825,农业ETF富国,0.736,70453794,dedup,同主题「农业」，代表为 sz159698 粮食ETF鹏华,农业
sz159824,新能源车ETF博时,1.018,3920087,illiquid,当日成交额 392 万 ≤ 2000 万,
sz159822,新经济ETF银华,0.578,4168721,illiquid,当日成交额 417 万 ≤ 2000 万,
sz159821,创业板ETF中银证券,1.281,2655827,asset_class,A股宽基指数（名称含「创业板」）,
sz159820,中证500ETF天弘,1.363,7280973,asset_class,A股宽基指数（名称含「中证500」）,
sz159819,人工智能ETF易方达,1.809,542356058,,,人工智能
sz159816,0-4年地方债ETF鹏华,114.05,2624098684,asset_class,债券（名称含「债」）,
sz159814,创业大盘ETF西部利得,0.712,29491114,illiquid,20 日均额 2868 万 ≤ 3000 万,
sz159813,半导体ETF鹏华,0.747,300393783,dedup,同主题「半导体」，代表为 sh513310 中韩半导体ETF华泰柏瑞,半导体
sz159812,黄金ETF前海开源,8.823,44045147,asset_class,商品（名称含「黄金」）,
sz159811,5GETF博时,3.099,19330686,illiquid,当日成交额 1933 万 ≤ 2000 万,
sz159810,创业板ETF浦银,1.37,3785909,asset_class,A股宽基指数（名称含「创业板」）,
sz159808,创100ETF融通,1.322,1103279,illiquid,当日成交额 110 万 ≤ 2000 万,
sz159807,科技ETF易方达,0.912,41810806,dedup,同主题「科技」，代表为 sh515000 科技ETF华宝,科技
sz159806,新能源车ETF国泰,0.663,10959085,illiquid,当日成交额 1096 万 ≤ 2000 万,
sz159805,传媒ETF鹏华,1.172,48738423,dedup,同主题「传媒」，代表为 sh512980 传媒ETF广发,传媒
sz159804,创中盘88ETF国寿,1.65,250821,illiquid,当日成交额 25 万 ≤ 2000 万,
sz159801,芯片ETF广发,1.159,168007307,dedup,同主题「半导体」，代表为 sh513310 中韩半导体ETF华泰柏瑞,半导体
sz159800,中证800ETF鹏华,1.412,275707,asset_class,A股宽基指数（名称含「中证800」）,
sz159798,消费ETF易方达,0.843,8887195,illiquid,当日成交额 889 万 ≤ 2000 万,
sz159797,医疗器械ETF汇添富,0.681,2906747,illiquid,当日成交额 291 万 ≤ 2000 万,
sz159796,电池ETF汇添富,0.791,223543856,dedup,同主题「锂电池」，代表为 sz159755 电池ETF广发,锂电池
sz159795,智能汽车ETF汇添富,0.874,775966,illiquid,当日成交额 78 万 ≤ 2000 万,
sz159793,线上消费ETF平安,0.765,974398,illiquid,当日成交额 97 万 ≤ 2000 万,
sz159792,港股通互联网ETF富国,0.552,2766305308,,,互联网·港股
sz159791,300ESGETF华夏,1.088,661495,illiquid,当日成交额 66 万 ≤ 2000 万,
sz159790,碳中和ETF华夏,0.661,11520371,illiquid,当日成交额 1152 万 ≤ 2000 万,
sz159788,港股通100ETF易方达,1.206,3815979,illiquid,当日成交额 382 万 ≤ 2000 万,
sz159787,建材ETF易方达,0.583,1036980,illiquid,当日成交额 104 万 ≤ 2000 万,
sz159786,VRETF银华,1.169,7658270,illiquid,当日成交额 766 万 ≤ 2000 万,
sz159783,科创创业50ETF华夏,1.084,170144681,asset_class,A股宽基指数（名称含「科创创业」）,
sz159782,双创50ETF银华,1.082,33986701,asset_class,A股宽基指数（名称含「双创」）,
sz159781,科创创业ETF易方达,1.079,484681336,asset_class,A股宽基指数（名称含「科创创业」）,
sz159780,科创创业50ETF南方,1.08,140154539,asset_class,A股宽基指数（名称含「科创创业」）,
sz159779,消费电子ETF招商,1.492,10781795,illiquid,当日成交额 1078 万 ≤ 2000 万,
sz159778,工业互联网ETF鹏华,1.189,1687403,illiquid,当日成交额 169 万 ≤ 2000 万,
sz159777,创科技ETF国联安,1.208,1554865,illiquid,当日成交额 155 万 ≤ 2000 万,
sz159776,港股医药ETF银华,1.241,26513779,illiquid,20 日均额 2513 万 ≤ 3000 万,
sz159775,电池ETF建信,0.732,19751526,illiquid,当日成交额 1975 万 ≤ 2000 万,
sz159773,创业板科技ETF华泰柏瑞,1.294,6044036,asset_class,A股宽基指数（名称含「创业板」）,
sz159770,机器人ETF天弘,0.97,88535628,dedup,同主题「机器人」，代表为 sz159530 机器人ETF易方达,机器人
sz159768,房地产ETF银华,0.464,70599265,dedup,同主题「房地产」，代表为 sh512200 房地产ETF南方,房地产
sz159767,电池龙头ETF兴银,0.719,2629681,illiquid,当日成交额 263 万 ≤ 2000 万,
sz159766,旅游ETF富国,0.553,194135393,,,旅游
sz159763,新材料ETF建信,0.71,4918357,illiquid,当日成交额 492 万 ≤ 2000 万,
sz159761,新材料ETF国泰,0.786,5349225,illiquid,当日成交额 535 万 ≤ 2000 万,
sz159760,医疗健康ETF泰康,0.587,1312055,illiquid,当日成交额 131 万 ≤ 2000 万,
sz159758,红利质量ETF华夏,1.107,46333894,not_carrier,按股息率/波动率选股，成分跨行业，驱动力是利率与risk-off而非产业变化,
sz159757,电池ETF景顺,0.735,9175394,illiquid,当日成交额 918 万 ≤ 2000 万,
sz159755,电池ETF广发,0.883,226285389,,,锂电池
sz159752,新能源ETF申万菱信,0.559,6168868,illiquid,当日成交额 617 万 ≤ 2000 万,
sz159751,港股通科技ETF鹏华,0.866,29436891,illiquid,20 日均额 1819 万 ≤ 3000 万,
sz159750,港股科技50ETF招商,0.835,48308290,illiquid,20 日均额 2822 万 ≤ 3000 万,
sz159748,创新药ETF富国,0.868,57769009,dedup,同主题「医药·A股」，代表为 sz159992 创新药ETF银华,医药·A股
sz159747,香港科技ETF南方,1.136,28599220,dedup,同主题「科技·港股」，代表为 sh513980 港股科技ETF景顺,科技·港股
sz159745,建材ETF国泰,0.527,72314850,,,建材
sz159743,湖北ETF博时,1.416,389409,illiquid,当日成交额 39 万 ≤ 2000 万,
sz159742,恒生科技ETF博时,0.564,124743919,asset_class,海外/地域宽基（名称含「恒生科技」）,
sz159741,恒生科技ETF嘉实,0.552,90415340,asset_class,海外/地域宽基（名称含「恒生科技」）,
sz159740,恒生科技ETF大成,0.549,842151654,asset_class,海外/地域宽基（名称含「恒生科技」）,
sz159739,云计算ETF鹏华,0.794,7302491,illiquid,当日成交额 730 万 ≤ 2000 万,
sz159738,云计算ETF华泰柏瑞,2.045,16966446,illiquid,当日成交额 1697 万 ≤ 2000 万,
sz159736,食品饮料ETF天弘,0.585,14085427,illiquid,当日成交额 1409 万 ≤ 2000 万,
sz159735,港股消费ETF银华,0.621,21894893,illiquid,20 日均额 1246 万 ≤ 3000 万,
sz159732,消费电子ETF华夏,1.385,286677572,,,消费电子
sz159731,石化ETF华夏,0.91,54046504,dedup,同主题「石油石化」，代表为 sh561360 石油ETF国泰,石油石化
sz159730,家电ETF博时,1.013,4506274,illiquid,当日成交额 451 万 ≤ 2000 万,
sz159729,互联网ETF汇添富,0.681,378027,illiquid,当日成交额 38 万 ≤ 2000 万,
sz159728,在线消费ETF南方,0.791,5736024,illiquid,当日成交额 574 万 ≤ 2000 万,
sz159726,港股通红利ETF华夏,1.34,13504669,illiquid,当日成交额 1350 万 ≤ 2000 万,
sz159725,线上消费ETF工银,0.781,5448416,illiquid,当日成交额 545 万 ≤ 2000 万,
sz159723,科技龙头ETF汇添富,1.077,648120,illiquid,当日成交额 65 万 ≤ 2000 万,
sz159721,深证100ETF永赢,1.026,284488,asset_class,A股宽基指数（名称含「深证100」）,
sz159720,智能车ETF泰康,0.671,174415,illiquid,当日成交额 17 万 ≤ 2000 万,
sz159719,国企ETF平安,1.578,3569388,illiquid,当日成交额 357 万 ≤ 2000 万,
sz159718,港股医药ETF平安,0.929,42153957,illiquid,20 日均额 2532 万 ≤ 3000 万,
sz159717,ESGETF鹏华,1.031,144682,illiquid,当日成交额 14 万 ≤ 2000 万,
sz159716,深证100ETF华宝,1.088,1724388,asset_class,A股宽基指数（名称含「深证100」）,
sz159715,稀土ETF易方达,1.133,26246654,dedup,同主题「稀土」，代表为 sh562800 稀有金属ETF嘉实,稀土
sz159713,稀土ETF富国,1.224,33538435,dedup,同主题「稀土」，代表为 sh562800 稀有金属ETF嘉实,稀土
sz159712,港股通50ETF国泰,1.22,13769579,asset_class,海外/地域宽基（名称含「港股通50」）,
sz159711,港股通50ETF华夏,1.315,23628117,asset_class,海外/地域宽基（名称含「港股通50」）,
sz159709,物联网ETF工银,1.718,403620,illiquid,当日成交额 40 万 ≤ 2000 万,
sz159708,红利ETF西部利得,0.771,6139616,illiquid,当日成交额 614 万 ≤ 2000 万,
sz159707,地产ETF华宝,0.518,187315952,dedup,同主题「房地产」，代表为 sh512200 房地产ETF南方,房地产
sz159706,深证100ETF华安,0.905,3311108,asset_class,A股宽基指数（名称含「深证100」）,
sz159703,新材料ETF天弘,0.881,6714502,illiquid,当日成交额 671 万 ≤ 2000 万,
sz159701,物联网ETF招商,1.26,2221928,illiquid,当日成交额 222 万 ≤ 2000 万,
sz159700,科创债ETF南方,101.983,10103934728,asset_class,债券（名称含「债」）,
sz159699,恒生消费ETF广发,0.831,21894987,illiquid,20 日均额 1067 万 ≤ 3000 万,
sz159698,粮食ETF鹏华,0.96,129239366,,,农业
sz159697,石油ETF鹏华,1.324,29588261,dedup,同主题「石油石化」，代表为 sh561360 石油ETF国泰,石油石化
sz159696,纳指ETF易方达,2.105,109616650,asset_class,海外/地域宽基（名称含「纳指」）,
sz159695,通信ETF嘉实,1.007,49257899,dedup,同主题「通信」，代表为 sh515880 通信ETF国泰,通信
sz159692,证券ETF东财,1.191,62520275,dedup,同主题「券商」，代表为 sh512880 证券ETF国泰,券商
sz159691,港股红利ETF工银,1.175,289334014,not_carrier,按股息率/波动率选股，成分跨行业，驱动力是利率与risk-off而非产业变化,
sz159690,有色矿业ETF招商,1.877,18049106,illiquid,当日成交额 1805 万 ≤ 2000 万,
sz159689,消费ETF南方,0.627,1026130,illiquid,当日成交额 103 万 ≤ 2000 万,
sz159688,恒生互联网ETF华安,0.722,143980223,dedup,同主题「互联网·港股」，代表为 sz159792 港股通互联网ETF富国,互联网·港股
sz159687,亚太精选ETF南方,1.89,142957678,asset_class,海外/地域宽基（名称含「亚太」）,
sz159686,A100ETF易方达,1.263,6557887,asset_class,A股宽基指数（名称含「A100」）,
sz159685,1000增强ETF天弘,1.506,3151968,illiquid,当日成交额 315 万 ≤ 2000 万,
sz159682,创业板50ETF景顺,1.548,261718424,asset_class,A股宽基指数（名称含「创业板」）,
sz159681,创业板50ETF鹏华,1.568,80019918,asset_class,A股宽基指数（名称含「创业板」）,
sz159680,中证1000增强ETF招商,1.692,117325850,asset_class,A股宽基指数（名称含「中证1000」）,
sz159679,中证1000增强ETF国泰,1.321,2713299,asset_class,A股宽基指数（名称含「中证1000」）,
sz159678,500增强ETF博时,1.563,1658230,illiquid,当日成交额 166 万 ≤ 2000 万,
sz159677,中证1000增强ETF银华,1.502,6261591,asset_class,A股宽基指数（名称含「中证1000」）,
sz159676,创业板增强ETF富国,1.595,20142860,asset_class,A股宽基指数（名称含「创业板」）,
sz159675,创业板增强ETF嘉实,1.424,7373832,asset_class,A股宽基指数（名称含「创业板」）,
sz159673,沪深300ETF鹏华,1.273,47631124,asset_class,A股宽基指数（名称含「沪深300」）,
sz159672,消费ETF博时,0.621,2369533,illiquid,当日成交额 237 万 ≤ 2000 万,
sz159671,稀有金属ETF工银,1.263,26068778,dedup,同主题「稀土」，代表为 sh562800 稀有金属ETF嘉实,稀土
sz159670,消费50ETF国联安,0.849,5418565,illiquid,当日成交额 542 万 ≤ 2000 万,
sz159669,绿色电力ETF国泰,1.108,1385758,illiquid,当日成交额 139 万 ≤ 2000 万,
sz159667,工业母机ETF国泰,0.656,120301521,,,工业母机
sz159666,交通运输ETF华夏,0.989,22977976,illiquid,20 日均额 2352 万 ≤ 3000 万,
sz159665,半导体龙头ETF工银,2.467,46016142,dedup,同主题「半导体」，代表为 sh513310 中韩半导体ETF华泰柏瑞,半导体
sz159663,机床ETF华夏,0.986,43460550,dedup,同主题「工业母机」，代表为 sz159667 工业母机ETF国泰,工业母机
sz159662,交运ETF南方,0.982,4039071,illiquid,当日成交额 404 万 ≤ 2000 万,
sz159661,A100ETF嘉实,1.399,435729,asset_class,A股宽基指数（名称含「A100」）,
sz159660,纳指ETF汇添富,2.453,203216742,asset_class,海外/地域宽基（名称含「纳指」）,
sz159659,纳斯达克100ETF招商,2.432,249571642,asset_class,海外/地域宽基（名称含「纳斯达克」）,
sz159658,数字经济ETF华安,1.735,5225407,illiquid,当日成交额 523 万 ≤ 2000 万,
sz159657,疫苗ETF鹏华,0.596,2126124,illiquid,当日成交额 213 万 ≤ 2000 万,
sz159656,沪深300成长ETF万家,1.199,8814358,asset_class,A股宽基指数（名称含「沪深300」）,
sz159655,标普500ETF华夏,2.057,156385983,asset_class,海外/地域宽基（名称含「标普」）,
sz159653,ESG300ETF国联安,1.171,25556,illiquid,当日成交额 3 万 ≤ 2000 万,
sz159652,有色ETF汇添富,1.562,109403348,dedup,同主题「有色金属」，代表为 sh512400 有色金属ETF南方,有色金属
sz159651,国开债ETF平安,108.18,144920809,asset_class,债券（名称含「债」）,
sz159650,国开债ETF博时,108.11,110149307,asset_class,债券（名称含「债」）,
sz159649,国开债ETF华安,110.461,1510942454,asset_class,债券（名称含「债」）,
sz159647,中药ETF鹏华,0.877,9449043,illiquid,当日成交额 945 万 ≤ 2000 万,
sz159645,疫苗ETF富国,0.617,902382,illiquid,当日成交额 90 万 ≤ 2000 万,
sz159643,疫苗ETF国泰,0.556,9116129,illiquid,当日成交额 912 万 ≤ 2000 万,
sz159642,碳中和ETF大成,0.889,57354,illiquid,当日成交额 6 万 ≤ 2000 万,
sz159641,碳中和ETF招商,0.939,490435,illiquid,当日成交额 49 万 ≤ 2000 万,
sz159640,碳中和龙头ETF工银,0.884,1004306,illiquid,当日成交额 100 万 ≤ 2000 万,
sz159639,碳中和ETF南方,0.906,2720249,illiquid,当日成交额 272 万 ≤ 2000 万,
sz159638,航空航天ETF嘉实,0.842,32902383,illiquid,20 日均额 2788 万 ≤ 3000 万,
sz159637,新能源车ETF东财,0.761,8799199,illiquid,当日成交额 880 万 ≤ 2000 万,
sz159636,港股通科技30ETF工银,0.507,347725840,dedup,同主题「科技·港股」，代表为 sh513980 港股科技ETF景顺,科技·港股
sz159635,基建ETF华夏,0.969,18518208,illiquid,当日成交额 1852 万 ≤ 2000 万,
sz159633,中证1000ETF易方达,3.316,1018447590,asset_class,A股宽基指数（名称含「中证1000」）,
sz159632,纳斯达克ETF华安,2.554,274293779,asset_class,海外/地域宽基（名称含「纳斯达克」）,
sz159631,A100ETF招商,1.224,2931216,asset_class,A股宽基指数（名称含「A100」）,
sz159630,A100ETF汇添富,1.342,70642,asset_class,A股宽基指数（名称含「A100」）,
sz159629,中证1000ETF富国,3.245,730362914,asset_class,A股宽基指数（名称含「中证1000」）,
sz159628,国证2000ETF万家,1.42,52071221,asset_class,A股宽基指数（名称含「国证2000」）,
sz159627,A100ETF华夏,1.276,4663290,asset_class,A股宽基指数（名称含「A100」）,
sz159625,绿色电力ETF嘉实,1.204,41689296,dedup,同主题「绿色电力」，代表为 sh562550 绿电ETF华夏,绿色电力
sz159623,成渝经济圈ETF博时,0.969,6987798,illiquid,当日成交额 699 万 ≤ 2000 万,
sz159622,创新药ETF东财,1.219,95050473,dedup,同主题「医药·A股」，代表为 sz159992 创新药ETF银华,医药·A股
sz159621,ESGETF国泰,1.146,4414647,illiquid,当日成交额 441 万 ≤ 2000 万,
sz159620,中证500成长ETF华夏,1.259,5988324,asset_class,A股宽基指数（名称含「中证500」）,
sz159619,基建ETF国泰,0.914,3599874,illiquid,当日成交额 360 万 ≤ 2000 万,
sz159618,光伏ETF华安,0.643,1911561,illiquid,当日成交额 191 万 ≤ 2000 万,
sz159617,中证500价值ETF华夏,1.346,1289759,asset_class,A股宽基指数（名称含「中证500」）,
sz159616,农牧ETF建信,0.774,10009495,illiquid,当日成交额 1001 万 ≤ 2000 万,
sz159615,恒生生物科技ETF南方,1.196,123025036,dedup,同主题「医药·港股」，代表为 sh520510 港股通医疗ETF华夏,医药·港股
sz159613,信息安全ETF嘉实,0.889,15555301,illiquid,当日成交额 1556 万 ≤ 2000 万,
sz159612,标普500ETF国泰,2.106,49583419,asset_class,海外/地域宽基（名称含「标普」）,
sz159611,电力ETF广发,1.034,225793575,,,电力
sz159610,中证500增强ETF景顺,1.267,6547434,asset_class,A股宽基指数（名称含「中证500」）,
sz159609,光伏ETF浦银,0.475,7492605,illiquid,当日成交额 749 万 ≤ 2000 万,
sz159608,稀有金属ETF广发,1.027,50288130,dedup,同主题「稀土」，代表为 sh562800 稀有金属ETF嘉实,稀土
sz159607,中概互联网ETF嘉实,0.758,139859999,asset_class,海外/地域宽基（名称含「中概」）,
sz159606,中证500成长ETF易方达,1.357,5938773,asset_class,A股宽基指数（名称含「中证500」）,
sz159605,中概互联ETF广发,0.763,268678215,asset_class,海外/地域宽基（名称含「中概」）,
sz159603,科创创业ETF天弘,1.667,17264570,asset_class,A股宽基指数（名称含「科创创业」）,
sz159602,中国A50ETF南方,1.075,6910567,asset_class,A股宽基指数（名称含「A50」）,
sz159601,A50ETF华夏,1.104,52518885,asset_class,A股宽基指数（名称含「A50」）,
sz159600,科创债ETF嘉实,101.924,10070143670,asset_class,债券（名称含「债」）,
sz159599,芯片ETF东财,2.82,176071916,dedup,同主题「半导体」，代表为 sh513310 中韩半导体ETF华泰柏瑞,半导体
sz159597,创业板成长ETF易方达,0.798,42467588,asset_class,A股宽基指数（名称含「创业板」）,
sz159596,A50ETF华宝,0.638,23288665,asset_class,A股宽基指数（名称含「A50」）,
sz159595,中证A50ETF大成,1.338,159897310,asset_class,A股宽基指数（名称含「中证A50」）,
sz159593,中证A50ETF平安,1.33,65408603,asset_class,A股宽基指数（名称含「中证A50」）,
sz159592,A50ETF银华,1.316,21529132,asset_class,A股宽基指数（名称含「A50」）,
sz159591,A50ETF富国,1.346,24624040,asset_class,A股宽基指数（名称含「A50」）,
sz159590,软件ETF汇添富,0.888,51740675,dedup,同主题「软件」，代表为 sz159852 软件ETF嘉实,软件
sz159589,红利ETF广发,1.094,8844536,illiquid,当日成交额 884 万 ≤ 2000 万,
sz159588,石油ETF景顺,1.259,18580712,illiquid,当日成交额 1858 万 ≤ 2000 万,
sz159587,粮食ETF广发,1.235,44107215,dedup,同主题「农业」，代表为 sz159698 粮食ETF鹏华,农业
sz159586,计算机ETF南方,1.065,15162453,illiquid,当日成交额 1516 万 ≤ 2000 万,
sz159583,通信ETF富国,1.733,613864673,dedup,同主题「通信」，代表为 sh515880 通信ETF国泰,通信
sz159582,半导体ETF博时,0.765,99770510,dedup,同主题「半导体」，代表为 sh513310 中韩半导体ETF华泰柏瑞,半导体
sz159581,红利ETF万家,1.056,13517025,illiquid,当日成交额 1352 万 ≤ 2000 万,
sz159578,深证主板50ETF南方,1.163,218032,illiquid,当日成交额 22 万 ≤ 2000 万,
sz159577,美国50ETF汇添富,1.716,97268607,asset_class,海外/地域宽基（名称含「美国」）,
sz159576,深证100ETF广发,1.503,9072199,asset_class,A股宽基指数（名称含「深证100」）,
sz159575,创业板200ETF银华,1.442,334206,asset_class,A股宽基指数（名称含「创业板」）,
sz159573,创业板200ETF华夏,1.491,18600286,asset_class,A股宽基指数（名称含「创业板」）,
sz159572,创业板200ETF易方达,1.478,9383310,asset_class,A股宽基指数（名称含「创业板」）,
sz159571,创业板200ETF富国,1.474,101032,asset_class,A股宽基指数（名称含「创业板」）,
sz159570,港股通创新药ETF汇添富,1.476,1799629389,dedup,同主题「医药·港股」，代表为 sh520510 港股通医疗ETF华夏,医药·港股
sz159569,港股红利低波ETF景顺,1.388,53302831,not_carrier,按股息率/波动率选股，成分跨行业，驱动力是利率与risk-off而非产业变化,
sz159568,港股互联网ETF博时,1.082,63189540,dedup,同主题「互联网·港股」，代表为 sz159792 港股通互联网ETF富国,互联网·港股
sz159567,港股创新药ETF银华,0.713,1069788463,dedup,同主题「医药·港股」，代表为 sh520510 港股通医疗ETF华夏,医药·港股
sz159566,储能电池ETF易方达,1.746,242825900,,,储能
sz159565,汽车零部件ETF易方达,1.286,17695048,illiquid,当日成交额 1770 万 ≤ 2000 万,
sz159563,创业板综ETF华夏,1.82,8085295,asset_class,A股宽基指数（名称含「创业板」）,
sz159562,黄金股ETF华夏,2.184,148621647,asset_class,商品（名称含「黄金」）,
sz159561,德国ETF嘉实,1.333,58681671,asset_class,海外/地域宽基（名称含「德国」）,
sz159560,芯片ETF景顺,1.153,21371485,illiquid,20 日均额 1880 万 ≤ 3000 万,
sz159559,机器人ETF景顺,1.186,40752942,dedup,同主题「机器人」，代表为 sz159530 机器人ETF易方达,机器人
sz159558,半导体设备ETF易方达,1.123,1466068996,dedup,同主题「半导体设备」，代表为 sz159516 半导体设备ETF国泰,半导体设备
sz159557,恒生医疗ETF嘉实,1.5,68603348,dedup,同主题「医药·港股」，代表为 sh520510 港股通医疗ETF华夏,医药·港股
sz159556,中证2000增强ETF平安,1.277,876314,asset_class,A股宽基指数（名称含「中证2000」）,
sz159555,中证2000增强ETF银华,1.857,7273206,asset_class,A股宽基指数（名称含「中证2000」）,
sz159553,中证2000增强ETF海富通,1.9,771377,asset_class,A股宽基指数（名称含「中证2000」）,
sz159552,中证2000增强ETF招商,2.339,184940913,asset_class,A股宽基指数（名称含「中证2000」）,
sz159551,机器人ETF国泰,1.219,9827986,illiquid,当日成交额 983 万 ≤ 2000 万,
sz159550,互联网ETF东财,0.778,4613905,illiquid,当日成交额 461 万 ≤ 2000 万,
sz159549,红利低波ETF天弘,1.175,12725277,illiquid,当日成交额 1273 万 ≤ 2000 万,
sz159547,红利低波ETF华夏,1.202,133539267,not_carrier,按股息率/波动率选股，成分跨行业，驱动力是利率与risk-off而非产业变化,
sz159546,集成电路ETF国泰,0.793,63259204,dedup,同主题「半导体」，代表为 sh513310 中韩半导体ETF华泰柏瑞,半导体
sz159545,港股通红利低波ETF易方达,1.279,183182795,not_carrier,按股息率/波动率选股，成分跨行业，驱动力是利率与risk-off而非产业变化,
sz159543,国证2000ETF工银,1.538,2524299,asset_class,A股宽基指数（名称含「国证2000」）,
sz159542,工程机械ETF大成,1.261,2389262,illiquid,当日成交额 239 万 ≤ 2000 万,
sz159541,创业板综ETF万家,1.529,6158747,asset_class,A股宽基指数（名称含「创业板」）,
sz159540,信创ETF易方达,1.943,23510992,illiquid,20 日均额 2204 万 ≤ 3000 万,
sz159539,信创ETF广发,1.8,8559354,illiquid,当日成交额 856 万 ≤ 2000 万,
sz159538,信创ETF富国,0.913,8671381,illiquid,当日成交额 867 万 ≤ 2000 万,
sz159537,信创ETF国泰,0.9,6849546,illiquid,当日成交额 685 万 ≤ 2000 万,
sz159536,中证2000ETF汇添富,1.454,7552601,asset_class,A股宽基指数（名称含「中证2000」）,
sz159535,中证2000ETF嘉实,1.563,3300859,asset_class,A股宽基指数（名称含「中证2000」）,
sz159533,中证2000ETF博时,2.015,2593446,asset_class,A股宽基指数（名称含「中证2000」）,
sz159532,中证2000ETF易方达,1.713,28234521,asset_class,A股宽基指数（名称含「中证2000」）,
sz159531,中证2000ETF南方,1.518,150732395,asset_class,A股宽基指数（名称含「中证2000」）,
sz159530,机器人ETF易方达,1.309,370240565,,,机器人
sz159529,标普消费ETF景顺,1.281,58736473,asset_class,海外/地域宽基（名称含「标普」）,
sz159528,国企改革ETF富国,1.242,82759,illiquid,当日成交额 8 万 ≤ 2000 万,
sz159527,云计算ETF广发,0.713,10533835,illiquid,当日成交额 1053 万 ≤ 2000 万,
sz159526,机器人ETF嘉实,1.389,15249882,illiquid,当日成交额 1525 万 ≤ 2000 万,
sz159525,红利低波ETF富国,1.105,25935669,illiquid,20 日均额 2504 万 ≤ 3000 万,
sz159523,沪深300成长ETF华夏,1.247,10648789,asset_class,A股宽基指数（名称含「沪深300」）,
sz159521,国证2000ETF平安,1.315,7466745,asset_class,A股宽基指数（名称含「国证2000」）,
sz159520,消费龙头ETF工银,0.902,781634,illiquid,当日成交额 78 万 ≤ 2000 万,
sz159519,港股国企ETF国泰,1.766,10741004,illiquid,当日成交额 1074 万 ≤ 2000 万,
sz159518,标普油气ETF嘉实,1.259,295949004,asset_class,海外/地域宽基（名称含「标普」）,
sz159517,中证800增强ETF银华,1.332,2650950,asset_class,A股宽基指数（名称含「中证800」）,
sz159516,半导体设备ETF国泰,0.714,3585087896,,,半导体设备
sz159515,国企红利ETF鹏扬,1.195,706869,illiquid,当日成交额 71 万 ≤ 2000 万,
sz159513,纳斯达克100ETF大成,1.874,304043505,asset_class,海外/地域宽基（名称含「纳斯达克」）,
sz159512,汽车ETF广发,1.014,23484078,illiquid,20 日均额 1481 万 ≤ 3000 万,
sz159511,通信ETF南方,2.457,20144382,illiquid,20 日均额 1827 万 ≤ 3000 万,
sz159510,沪深300价值ETF华夏,1.234,3108240,asset_class,A股宽基指数（名称含「沪深300」）,
sz159509,纳指科技ETF景顺,3.049,1349770696,asset_class,海外/地域宽基（名称含「纳指」）,
sz159508,生物医药ETF华安,0.829,7666605,illiquid,当日成交额 767 万 ≤ 2000 万,
sz159507,通信ETF广发,0.92,63264876,dedup,同主题「通信」，代表为 sh515880 通信ETF国泰,通信
sz159506,港股通创新药医疗ETF富国,1.328,720131335,dedup,同主题「医药·港股」，代表为 sh520510 港股通医疗ETF华夏,医药·港股
sz159505,国证2000ETF博时,1.642,1759965,asset_class,A股宽基指数（名称含「国证2000」）,
sz159502,标普生物科技ETF嘉实,1.602,311119294,asset_class,海外/地域宽基（名称含「标普」）,
sz159501,纳指ETF嘉实,2.193,121387619,asset_class,海外/地域宽基（名称含「纳指」）,
sz159500,中证500ETF富国,1.18,11214012,asset_class,A股宽基指数（名称含「中证500」）,
sz159400,科创债ETF景顺,101.472,692601674,asset_class,债券（名称含「债」）,
sz159399,现金流ETF国泰,0.989,192501976,asset_class,货币/理财（名称含「现金」）,
sz159398,信用债ETF天弘,102.766,3970594676,asset_class,债券（名称含「债」）,
sz159397,信用债ETF广发,103.45,1122011294,asset_class,债券（名称含「债」）,
sz159396,信用债ETF博时,103.683,142318429,asset_class,债券（名称含「债」）,
sz159395,信用债ETF大成,103.787,760558714,asset_class,债券（名称含「债」）,
sz159393,沪深300ETF万家,4.907,29518050,asset_class,A股宽基指数（名称含「沪深300」）,
sz159392,航空ETF富国,0.951,1466004,illiquid,当日成交额 147 万 ≤ 2000 万,
sz159391,大盘价值ETF博时,1.112,1258498,illiquid,当日成交额 126 万 ≤ 2000 万,
sz159390,中证A50ETF国联,1.217,5926234,asset_class,A股宽基指数（名称含「中证A50」）,
sz159389,数字经济ETF嘉实,1.836,4381249,illiquid,当日成交额 438 万 ≤ 2000 万,
sz159388,创业板人工智能ETF国泰,1.056,130871712,asset_class,A股宽基指数（名称含「创业板」）,
sz159387,创业板新能源ETF国泰,0.692,239073836,asset_class,A股宽基指数（名称含「创业板」）,
sz159386,A500ETF永赢,1.27,4661269,asset_class,A股宽基指数（名称含「A50」）,
sz159385,数字经济ETF富国,1.805,8294445,illiquid,当日成交额 829 万 ≤ 2000 万,
sz159383,创业板50ETF华泰柏瑞,1.67,7485312,asset_class,A股宽基指数（名称含「创业板」）,
sz159382,创业板人工智能ETF南方,2.748,183912344,asset_class,A股宽基指数（名称含「创业板」）,
sz159381,创业板人工智能ETF华夏,1.222,272676783,asset_class,A股宽基指数（名称含「创业板」）,
sz159380,A500ETF东财,1.344,6723523,asset_class,A股宽基指数（名称含「A50」）,
sz159379,A500ETF融通,1.349,7053155,asset_class,A股宽基指数（名称含「A50」）,
sz159378,通用航空ETF永赢,1.028,27316609,,,通用航空
sz159377,创业板医药ETF国泰,1.02,19937256,asset_class,A股宽基指数（名称含「创业板」）,
sz159376,A500ETF浦银,1.309,7402291,asset_class,A股宽基指数（名称含「A50」）,
sz159375,创业板50ETF国泰,0.714,14702526,asset_class,A股宽基指数（名称含「创业板」）,
sz159373,创业板50ETF嘉实,1.711,18473799,asset_class,A股宽基指数（名称含「创业板」）,
sz159372,创业板50ETF万家,1.795,2978139,asset_class,A股宽基指数（名称含「创业板」）,
sz159371,创业板50ETF富国,1.673,5461638,asset_class,A股宽基指数（名称含「创业板」）,
sz159370,创50ETF工银,1.772,4959737,illiquid,当日成交额 496 万 ≤ 2000 万,
sz159369,创业板50ETF易方达,1.364,25588065,asset_class,A股宽基指数（名称含「创业板」）,
sz159368,创业板新能源ETF华夏,0.628,171275097,asset_class,A股宽基指数（名称含「创业板」）,
sz159367,创业板50ETF华夏,1.683,19411737,asset_class,A股宽基指数（名称含「创业板」）,
sz159366,港股医疗ETF永赢,1.515,376739462,dedup,同主题「医药·港股」，代表为 sh520510 港股通医疗ETF华夏,医药·港股
sz159365,恒指港股通ETF富国,0.982,321430,illiquid,当日成交额 32 万 ≤ 2000 万,
sz159363,创业板人工智能ETF华宝,1.291,861664664,asset_class,A股宽基指数（名称含「创业板」）,
sz159362,A500ETF工银,1.293,23505968,asset_class,A股宽基指数（名称含「A50」）,
sz159361,A500ETF易方达,1.23,1154312958,asset_class,A股宽基指数（名称含「A50」）,
sz159360,A500ETF天弘,1.304,31175112,asset_class,A股宽基指数（名称含「A50」）,
sz159359,A500ETF华安,1.263,25695323,asset_class,A股宽基指数（名称含「A50」）,
sz159358,中证A500ETF大成,1.305,61421754,asset_class,A股宽基指数（名称含「中证A500」）,
sz159357,A500ETF博时,1.275,16941545,asset_class,A股宽基指数（名称含「A50」）,
sz159356,A500ETF万家,1.281,25522077,asset_class,A股宽基指数（名称含「A50」）,
sz159355,800红利低波ETF华宝,1.042,23810538,illiquid,20 日均额 652 万 ≤ 3000 万,
sz159353,中证A500ETF景顺,1.224,153105170,asset_class,A股宽基指数（名称含「中证A500」）,
sz159352,A500ETF南方,1.256,3137238037,asset_class,A股宽基指数（名称含「A50」）,
sz159351,A500ETF嘉实,1.206,457493400,asset_class,A股宽基指数（名称含「A50」）,
sz159350,深证50ETF富国,1.525,54443177,asset_class,A股宽基指数（名称含「深证50」）,
sz159339,A500ETF银华,1.216,50089487,asset_class,A股宽基指数（名称含「A50」）,
sz159338,中证A500ETF国泰,1.205,2686333530,asset_class,A股宽基指数（名称含「中证A500」）,
sz159337,中证500ETF东财,1.798,14017037,asset_class,A股宽基指数（名称含「中证500」）,
sz159336,央企红利ETF融通,1.231,1852264,illiquid,当日成交额 185 万 ≤ 2000 万,
sz159335,央企科创ETF融通,1.502,1737034,illiquid,当日成交额 174 万 ≤ 2000 万,
sz159333,港股央企红利ETF万家,1.367,10775739,illiquid,当日成交额 1078 万 ≤ 2000 万,
sz159332,央企红利ETF富国,1.236,418387,illiquid,当日成交额 42 万 ≤ 2000 万,
sz159331,红利港股ETF国泰,1.271,4633455,illiquid,当日成交额 463 万 ≤ 2000 万,
sz159330,沪深300ETF东财,1.428,25326295,asset_class,A股宽基指数（名称含「沪深300」）,
sz159329,沙特ETF南方,0.886,32700676,asset_class,海外/地域宽基（名称含「沙特」）,
sz159328,家电ETF易方达,1.029,25170738,illiquid,20 日均额 859 万 ≤ 3000 万,
sz159327,半导体设备ETF万家,1.147,240100623,dedup,同主题「半导体设备」，代表为 sz159516 半导体设备ETF国泰,半导体设备
sz159326,电网设备ETF华夏,1.679,480047334,,,电网设备
sz159325,半导体ETF南方,1.083,172163738,dedup,同主题「半导体」，代表为 sh513310 中韩半导体ETF华泰柏瑞,半导体
sz159323,港股通汽车ETF华夏,0.955,113746165,,,汽车·港股
sz159322,黄金股ETF平安,1.615,12467916,asset_class,商品（名称含「黄金」）,
sz159321,黄金股ETF华安,1.538,46851406,asset_class,商品（名称含「黄金」）,
sz159320,电网设备ETF广发,0.621,29634504,dedup,同主题「电网设备」，代表为 sz159326 电网设备ETF华夏,电网设备
sz159318,恒指港股通ETF银华,1.292,233021,illiquid,当日成交额 23 万 ≤ 2000 万,
sz159316,港股通创新药ETF易方达,1.178,1008276854,dedup,同主题「医药·港股」，代表为 sh520510 港股通医疗ETF华夏,医药·港股
sz159315,黄金股ETF工银,1.646,20225951,asset_class,商品（名称含「黄金」）,
sz159312,恒指港股通ETF广发,1.165,2111900,illiquid,当日成交额 211 万 ≤ 2000 万,
sz159311,数字经济ETF易方达,1.46,1452666,illiquid,当日成交额 145 万 ≤ 2000 万,
sz159310,芯片ETF天弘,2.863,24288667,illiquid,20 日均额 1776 万 ≤ 3000 万,
sz159309,油气ETF汇添富,1.445,114194766,dedup,同主题「石油石化」，代表为 sh561360 石油ETF国泰,石油石化
sz159307,红利低波100ETF博时,1.006,51093940,not_carrier,按股息率/波动率选股，成分跨行业，驱动力是利率与risk-off而非产业变化,
sz159306,汽车零部件ETF平安,1.132,959674,illiquid,当日成交额 96 万 ≤ 2000 万,
sz159305,储能电池ETF广发,0.78,16307406,illiquid,当日成交额 1631 万 ≤ 2000 万,
sz159303,恒生医疗ETF大成,1.64,80598794,dedup,同主题「医药·港股」，代表为 sh520510 港股通医疗ETF华夏,医药·港股
sz159302,港股高股息ETF银华,1.299,3317323,illiquid,当日成交额 332 万 ≤ 2000 万,
sz159301,公用事业ETF华夏,0.959,15427484,illiquid,当日成交额 1543 万 ≤ 2000 万,
sz159300,沪深300ETF富国,4.95,35062044,asset_class,A股宽基指数（名称含「沪深300」）,
sz159299,金融科技ETF易方达,0.697,13074044,illiquid,当日成交额 1307 万 ≤ 2000 万,
sz159298,创业板50ETF大成,1.185,7743414,asset_class,A股宽基指数（名称含「创业板」）,
sz159297,港股通创新药ETF南方,0.748,322297502,dedup,同主题「医药·港股」，代表为 sh520510 港股通医疗ETF华夏,医药·港股
sz159296,A500红利低波ETF华宝,1.005,701879,asset_class,A股宽基指数（名称含「A50」）,
sz159295,创业综指ETF西部利得,1.089,5559131,illiquid,当日成交额 556 万 ≤ 2000 万,
sz159293,创业板综增强ETF建信,1.077,2158316,asset_class,A股宽基指数（名称含「创业板」）,
sz159292,创业板综增强ETF华宝,1.189,1923591,asset_class,A股宽基指数（名称含「创业板」）,
sz159291,创业板综增强ETF招商,1.175,131314,asset_class,A股宽基指数（名称含「创业板」）,
sz159290,创业板综指增强ETF东财,1.174,1281461,asset_class,A股宽基指数（名称含「创业板」）,
sz159289,创业板综指ETF鹏华,1.092,987297,asset_class,A股宽基指数（名称含「创业板」）,
sz159288,创业板综ETF银华,0.998,1242423,asset_class,A股宽基指数（名称含「创业板」）,
sz159287,创业板综ETF博时,1.12,3875878,asset_class,A股宽基指数（名称含「创业板」）,
sz159286,港股通创新药ETF鹏华,0.762,92576195,dedup,同主题「医药·港股」，代表为 sh520510 港股通医疗ETF华夏,医药·港股
sz159285,港股通消费ETF华安,0.719,29444762,illiquid,20 日均额 707 万 ≤ 3000 万,
sz159283,通用航空ETF南方,0.869,9111159,illiquid,当日成交额 911 万 ≤ 2000 万,
sz159281,港股央企红利ETF天弘,0.966,106681694,not_carrier,按所有制+股息率双重筛选，成分跨行业，驱动力是政策与资金再配置,
sz159280,港股通互联网ETF汇添富,0.675,9408678,illiquid,当日成交额 941 万 ≤ 2000 万,
sz159279,创业板人工智能ETF华安,1.462,56946711,asset_class,A股宽基指数（名称含「创业板」）,
sz159278,机器人ETF鹏华,0.933,54253229,dedup,同主题「机器人」，代表为 sz159530 机器人ETF易方达,机器人
sz159277,港股通红利ETF富国,0.971,2912174,illiquid,当日成交额 291 万 ≤ 2000 万,
sz159276,现金流ETF汇添富,1.09,3258877,asset_class,货币/理财（名称含「现金」）,
sz159275,农牧渔ETF华宝,0.885,10665954,illiquid,当日成交额 1067 万 ≤ 2000 万,
sz159273,云计算ETF汇添富,1.412,24535657,illiquid,20 日均额 1691 万 ≤ 3000 万,
sz159272,机器人ETF富国,0.792,69078091,dedup,同主题「机器人」，代表为 sz159530 机器人ETF易方达,机器人
sz159271,恒生ETF鹏华,0.945,1515898,asset_class,海外/地域宽基（名称含「恒生ETF」）,
sz159270,创业板200ETF南方,1.152,9930547,asset_class,A股宽基指数（名称含「创业板」）,
sz159269,港股通科技ETF南方,0.837,86272354,dedup,同主题「科技·港股」，代表为 sh513980 港股科技ETF景顺,科技·港股
sz159268,港股通消费ETF汇添富,0.723,13614935,illiquid,当日成交额 1361 万 ≤ 2000 万,
sz159267,航天ETF华安,0.877,84558319,dedup,同主题「航天航空」，代表为 sz159227 航空航天ETF华夏,航天航空
sz159266,港股央企红利ETF永赢,0.98,12716430,illiquid,当日成交额 1272 万 ≤ 2000 万,
sz159265,港股消费ETF鹏华,0.752,11281707,illiquid,当日成交额 1128 万 ≤ 2000 万,
sz159263,价值ETF易方达,1.129,201487008,not_carrier,按估值/增长风格因子选股，成分跨行业,
sz159262,港股通科技ETF广发,0.829,294059414,dedup,同主题「科技·港股」，代表为 sh513980 港股科技ETF景顺,科技·港股
sz159261,创业板新能源ETF鹏华,1.304,5557169,asset_class,A股宽基指数（名称含「创业板」）,
sz159260,证券ETF博时,0.848,10429376,illiquid,当日成交额 1043 万 ≤ 2000 万,
sz159259,成长ETF易方达,1.393,662343021,not_carrier,按估值/增长风格因子选股，成分跨行业,
sz159258,机器人ETF南方,1.059,26493562,illiquid,20 日均额 2596 万 ≤ 3000 万,
sz159257,航空ETF汇添富,0.863,10816270,illiquid,当日成交额 1082 万 ≤ 2000 万,
sz159256,创业板软件ETF华夏,0.831,58088052,asset_class,A股宽基指数（名称含「创业板」）,
sz159255,通用航空ETF易方达,0.864,3981318,illiquid,当日成交额 398 万 ≤ 2000 万,
sz159253,银行ETF博时,1.003,5833781,illiquid,当日成交额 583 万 ≤ 2000 万,
sz159251,港股通科技ETF万家,0.748,14849723,illiquid,当日成交额 1485 万 ≤ 2000 万,
sz159249,A500增强ETF工银,1.386,8582698,asset_class,A股宽基指数（名称含「A50」）,
sz159248,人工智能ETF万家,1.817,19336570,illiquid,当日成交额 1934 万 ≤ 2000 万,
sz159247,创业板ETF汇添富,1.023,53855989,asset_class,A股宽基指数（名称含「创业板」）,
sz159246,创业板人工智能ETF富国,1.215,110472669,asset_class,A股宽基指数（名称含「创业板」）,
sz159245,港股通消费ETF富国,0.728,3251258,illiquid,当日成交额 325 万 ≤ 2000 万,
sz159243,创业板人工智能ETF招商,1.315,32934300,asset_class,A股宽基指数（名称含「创业板」）,
sz159242,创业板人工智能ETF大成,2.178,119178486,asset_class,A股宽基指数（名称含「创业板」）,
sz159241,航空航天ETF天弘,1.064,102180963,dedup,同主题「航天航空」，代表为 sz159227 航空航天ETF华夏,航天航空
sz159240,A500增强ETF天弘,1.288,975567,asset_class,A股宽基指数（名称含「A50」）,
sz159239,港股通汽车ETF富国,0.711,7235302,illiquid,当日成交额 724 万 ≤ 2000 万,
sz159238,沪深300增强ETF景顺,1.287,3111982,asset_class,A股宽基指数（名称含「沪深300」）,
sz159237,港股汽车ETF工银,0.794,14290691,illiquid,当日成交额 1429 万 ≤ 2000 万,
sz159236,自由现金流ETF工银,1.159,1867694,asset_class,货币/理财（名称含「现金」）,
sz159235,中证现金流ETF大成,1.183,57813963,asset_class,货币/理财（名称含「现金」）,
sz159233,自由现金流ETF平安,1.156,34499987,asset_class,货币/理财（名称含「现金」）,
sz159232,自由现金流ETF南方,1.166,147120950,asset_class,货币/理财（名称含「现金」）,
sz159231,通用航空ETF华宝,0.499,6377388,illiquid,当日成交额 638 万 ≤ 2000 万,
sz159230,通用航空ETF华夏,0.972,8660981,illiquid,当日成交额 866 万 ≤ 2000 万,
sz159229,自由现金流ETF广发,1.168,2210488,asset_class,货币/理财（名称含「现金」）,
sz159228,红利低波ETF长城,1.013,91443,illiquid,当日成交额 9 万 ≤ 2000 万,
sz159227,航空航天ETF华夏,1.034,125321895,,,航天航空
sz159226,中证A500增强ETF国泰,1.275,10518627,asset_class,A股宽基指数（名称含「中证A500」）,
sz159225,现金流ETF银华,1.231,5116297,asset_class,货币/理财（名称含「现金」）,
sz159223,现金流ETF永赢,1.129,8423214,asset_class,货币/理财（名称含「现金」）,
sz159222,自由现金流ETF易方达,1.255,108042748,asset_class,货币/理财（名称含「现金」）,
sz159221,现金流ETF嘉实,1.165,27719693,asset_class,货币/理财（名称含「现金」）,
sz159220,港股通红利低波ETF华宝,0.571,8952407,illiquid,当日成交额 895 万 ≤ 2000 万,
sz159219,深证100ETF融通,1.327,2025586,asset_class,A股宽基指数（名称含「深证100」）,
sz159218,卫星ETF招商,1.36,72314339,dedup,同主题「卫星」，代表为 sz159206 卫星ETF永赢,卫星
sz159217,港股通创新药ETF工银,1.198,489029759,dedup,同主题「医药·港股」，代表为 sh520510 港股通医疗ETF华夏,医药·港股
sz159216,深证100ETF大成,1.433,1914439,asset_class,A股宽基指数（名称含「深证100」）,
sz159215,A500ETF平安,1.294,7928574,asset_class,A股宽基指数（名称含「A50」）,
sz159213,机器人ETF汇添富,1.127,22911166,illiquid,20 日均额 2184 万 ≤ 3000 万,
sz159212,深100ETF南方,1.426,9552772,illiquid,当日成交额 955 万 ≤ 2000 万,
sz159211,深证100ETF富国,1.398,254524,asset_class,A股宽基指数（名称含「深证100」）,
sz159210,港股通汽车ETF汇添富,0.764,11427975,illiquid,当日成交额 1143 万 ≤ 2000 万,
sz159209,红利质量ETF招商,1.125,68994010,not_carrier,按股息率/波动率选股，成分跨行业，驱动力是利率与risk-off而非产业变化,
sz159208,航空航天ETF万家,1.083,8111251,illiquid,当日成交额 811 万 ≤ 2000 万,
sz159207,高股息ETF广发,1.134,62800905,not_carrier,按股息率/波动率选股，成分跨行业，驱动力是利率与risk-off而非产业变化,
sz159206,卫星ETF永赢,1.386,298469257,,,卫星
sz159205,创业板ETF东财,1.673,138750164,asset_class,A股宽基指数（名称含「创业板」）,
sz159203,大盘成长ETF博时,1.334,283461,illiquid,当日成交额 28 万 ≤ 2000 万,
sz159202,恒生互联网ETF万家,0.765,132795185,dedup,同主题「互联网·港股」，代表为 sz159792 港股通互联网ETF富国,互联网·港股
sz159201,自由现金流ETF华夏,1.17,173061310,asset_class,货币/理财（名称含「现金」）,
sz159200,科创债ETF富国,102.381,669559118,asset_class,债券（名称含「债」）,
sz159199,石油ETF平安,0.896,418570,illiquid,当日成交额 42 万 ≤ 2000 万,
sz159198,港股通信息技术ETF富国,1.259,83339955,dedup,同主题「信息技术·港股」，代表为 sz159131 港股通信息技术ETF华宝,信息技术·港股
sz159197,石油ETF招商,0.901,1680035,illiquid,当日成交额 168 万 ≤ 2000 万,
sz159196,港股通信息技术ETF易方达,1.254,220497642,dedup,同主题「信息技术·港股」，代表为 sz159131 港股通信息技术ETF华宝,信息技术·港股
sz159195,石油ETF华安,0.902,10090114,illiquid,当日成交额 1009 万 ≤ 2000 万,
sz159193,储能电池ETF银华,0.757,9619738,illiquid,当日成交额 962 万 ≤ 2000 万,
sz159192,家电ETF汇添富,0.937,316704,illiquid,当日成交额 32 万 ≤ 2000 万,
sz159191,港股通科技ETF易方达,0.895,7597008,illiquid,当日成交额 760 万 ≤ 2000 万,
sz159190,创业板新能源ETF天弘,0.798,14170191,asset_class,A股宽基指数（名称含「创业板」）,
sz159189,石油ETF华夏,0.89,12039075,illiquid,当日成交额 1204 万 ≤ 2000 万,
sz159188,红利100ETF景顺,0.934,173876,illiquid,当日成交额 17 万 ≤ 2000 万,
sz159187,创业板新能源ETF景顺,0.801,1053571,asset_class,A股宽基指数（名称含「创业板」）,
sz159186,港股通汽车ETF鹏华,0.681,2209503,illiquid,当日成交额 221 万 ≤ 2000 万,
sz159185,港股通信息技术ETF鹏华,1.119,144305027,dedup,同主题「信息技术·港股」，代表为 sz159131 港股通信息技术ETF华宝,信息技术·港股
sz159183,新能源车ETF招商,0.804,2903497,illiquid,当日成交额 290 万 ≤ 2000 万,
sz159182,家电ETF南方,0.922,23752,illiquid,当日成交额 2 万 ≤ 2000 万,
sz159181,石油ETF易方达,0.884,5987012,illiquid,当日成交额 599 万 ≤ 2000 万,
sz159180,软件ETF银华,1.009,2074154,illiquid,当日成交额 207 万 ≤ 2000 万,
sz159179,港股通互联网ETF工银,0.791,25590771,illiquid,20 日均额 1602 万 ≤ 3000 万,
sz159178,消费电子ETF汇添富,1.053,16258441,illiquid,当日成交额 1626 万 ≤ 2000 万,
sz159177,工程机械ETF鹏华,0.892,645569,illiquid,当日成交额 65 万 ≤ 2000 万,
sz159176,家电ETF华宝,0.986,8178744,illiquid,当日成交额 818 万 ≤ 2000 万,
sz159175,电池ETF易方达,0.847,9141345,illiquid,当日成交额 914 万 ≤ 2000 万,
sz159173,农牧ETF南方,0.914,2336233,illiquid,当日成交额 234 万 ≤ 2000 万,
sz159172,养殖ETF汇添富,0.84,8898288,illiquid,当日成交额 890 万 ≤ 2000 万,
sz159171,工业有色ETF博时,0.776,2008482,illiquid,当日成交额 201 万 ≤ 2000 万,
sz159170,港股通互联网ETF永赢,0.822,19286749,illiquid,当日成交额 1929 万 ≤ 2000 万,
sz159169,恒生生物科技ETF广发,1.039,16403213,illiquid,当日成交额 1640 万 ≤ 2000 万,
sz159168,有色ETF富国,0.845,18632799,illiquid,当日成交额 1863 万 ≤ 2000 万,
sz159167,港股通医疗ETF工银,0.998,26773450,dedup,同主题「医药·港股」，代表为 sh520510 港股通医疗ETF华夏,医药·港股
sz159166,现金流ETF长城,0.853,1611575,asset_class,货币/理财（名称含「现金」）,
sz159165,养殖ETF永赢,0.87,8072936,illiquid,当日成交额 807 万 ≤ 2000 万,
sz159163,有色ETF泰康,0.731,4196302,illiquid,当日成交额 420 万 ≤ 2000 万,
sz159162,工业有色ETF鹏华,0.809,5715077,illiquid,当日成交额 572 万 ≤ 2000 万,
sz159161,工程机械ETF东财,0.893,832198,illiquid,当日成交额 83 万 ≤ 2000 万,
sz159160,电池ETF东财,0.782,11559559,illiquid,当日成交额 1156 万 ≤ 2000 万,
sz159159,公用事业ETF国投瑞银,1.006,473460,illiquid,当日成交额 47 万 ≤ 2000 万,
sz159158,电力ETF景顺,0.994,24321426,illiquid,20 日均额 2351 万 ≤ 3000 万,
sz159157,有色金属ETF天弘,0.811,82628657,dedup,同主题「有色金属」，代表为 sh512400 有色金属ETF南方,有色金属
sz159156,电池ETF万家,0.825,2617419,illiquid,当日成交额 262 万 ≤ 2000 万,
sz159155,电池ETF大成,0.796,11273482,illiquid,当日成交额 1127 万 ≤ 2000 万,
sz159153,消费电子ETF鹏华,1.205,8112309,illiquid,当日成交额 811 万 ≤ 2000 万,
sz159152,港股通科技ETF平安,0.759,32081601,illiquid,20 日均额 1819 万 ≤ 3000 万,
sz159151,食品ETF华夏,0.934,11581296,illiquid,当日成交额 1158 万 ≤ 2000 万,
sz159150,深证50ETF易方达,1.564,10827570,asset_class,A股宽基指数（名称含「深证50」）,
sz159149,创业板新能源ETF工银,0.806,4029626,asset_class,A股宽基指数（名称含「创业板」）,
sz159148,石油ETF富国,0.987,6151028,illiquid,当日成交额 615 万 ≤ 2000 万,
sz159147,电池ETF南方,0.796,54464767,dedup,同主题「锂电池」，代表为 sz159755 电池ETF广发,锂电池
sz159146,电力ETF华宝,1.0,20216973,illiquid,20 日均额 2196 万 ≤ 3000 万,
sz159145,工业软件ETF广发,0.822,3536284,illiquid,当日成交额 354 万 ≤ 2000 万,
sz159143,港股通央企红利ETF平安,0.961,5374621,illiquid,当日成交额 537 万 ≤ 2000 万,
sz159142,科创创业人工智能ETF景顺,1.25,96872732,asset_class,A股宽基指数（名称含「科创创业」）,
sz159141,科创创业人工智能ETF永赢,1.22,108963431,asset_class,A股宽基指数（名称含「科创创业」）,
sz159140,科创创业人工智能ETF易方达,1.313,73673400,asset_class,A股宽基指数（名称含「科创创业」）,
sz159139,科创创业人工智能ETF华泰柏瑞,1.309,41616589,asset_class,A股宽基指数（名称含「科创创业」）,
sz159138,工程机械ETF易方达,0.862,6265215,illiquid,当日成交额 627 万 ≤ 2000 万,
sz159137,港股通医疗ETF华宝,1.01,59301072,dedup,同主题「医药·港股」，代表为 sh520510 港股通医疗ETF华夏,医药·港股
sz159136,A50ETF广发,0.992,538897,asset_class,A股宽基指数（名称含「A50」）,
sz159135,港股通科技ETF前海开源,0.774,12567742,illiquid,当日成交额 1257 万 ≤ 2000 万,
sz159133,化工ETF天弘,1.053,27479055,dedup,同主题「化工」，代表为 sz159870 化工ETF鹏华,化工
sz159132,恒生生物科技ETF富国,1.016,30100915,illiquid,20 日均额 2938 万 ≤ 3000 万,
sz159131,港股通信息技术ETF华宝,0.983,1119186908,,,信息技术·港股
sz159130,恒生生物科技ETF鹏华,0.984,15304658,illiquid,当日成交额 1530 万 ≤ 2000 万,
sz159129,化工ETF嘉实,1.03,10593868,illiquid,当日成交额 1059 万 ≤ 2000 万,
sz159128,港股科技ETF天弘,0.702,46159642,dedup,同主题「科技·港股」，代表为 sh513980 港股科技ETF景顺,科技·港股
sz159127,港股通红利ETF南方,0.947,7072243,illiquid,当日成交额 707 万 ≤ 2000 万,
sz159126,港股通50ETF南方,0.929,4330948,asset_class,海外/地域宽基（名称含「港股通50」）,
sz159125,港股通科技ETF招商,0.696,14773830,illiquid,当日成交额 1477 万 ≤ 2000 万,
sz159123,光伏ETF嘉实,0.875,16141297,illiquid,当日成交额 1614 万 ≤ 2000 万,
sz159122,创业板新能源ETF富国,0.844,1271048,asset_class,A股宽基指数（名称含「创业板」）,
sz159121,港股通汽车ETF易方达,0.677,15073264,illiquid,当日成交额 1507 万 ≤ 2000 万,
sz159120,港股通科技ETF国联安,0.731,20018277,illiquid,20 日均额 2295 万 ≤ 3000 万,
sz159119,800现金流ETF招商,0.943,10065684,asset_class,货币/理财（名称含「现金」）,
sz159118,港股通红利低波ETF华夏,0.945,2240629,illiquid,当日成交额 224 万 ≤ 2000 万,
sz159117,港股通红利低波ETF鹏华,0.99,2157804,illiquid,当日成交额 216 万 ≤ 2000 万,
sz159116,科创债ETF工银,102.64,570317709,asset_class,债券（名称含「债」）,
sz159115,科创债ETF华安,102.463,913809676,asset_class,债券（名称含「债」）,
sz159113,科创债ETF大成,102.454,1449359214,asset_class,债券（名称含「债」）,
sz159112,科创债ETF银华,102.471,6370732349,asset_class,债券（名称含「债」）,
sz159111,科创债ETF天弘,102.61,828907735,asset_class,债券（名称含「债」）,
sz159110,科创债ETF万家,102.61,1429538151,asset_class,债券（名称含「债」）,
sz159109,恒生50ETF景顺,0.813,6202186,illiquid,当日成交额 620 万 ≤ 2000 万,
sz159108,工业软件ETF博时,0.954,2763960,illiquid,当日成交额 276 万 ≤ 2000 万,
sz159107,创业板软件ETF富国,0.756,50683389,asset_class,A股宽基指数（名称含「创业板」）,
sz159106,民企300ETF前海开源,1.036,1668395,illiquid,当日成交额 167 万 ≤ 2000 万,
sz159105,恒生生物科技ETF易方达,0.981,117383131,dedup,同主题「医药·港股」，代表为 sh520510 港股通医疗ETF华夏,医药·港股
sz159103,金融科技ETF汇添富,0.657,6405912,illiquid,当日成交额 641 万 ≤ 2000 万,
sz159102,港股通生物科技ETF华安,0.866,44270177,dedup,同主题「医药·港股」，代表为 sh520510 港股通医疗ETF华夏,医药·港股
sz159101,港股通科技ETF华夏,0.719,168539596,dedup,同主题「科技·港股」，代表为 sh513980 港股科技ETF景顺,科技·港股
sz159100,巴西ETF华夏,1.168,25045703,asset_class,海外/地域宽基（名称含「巴西」）,
sz159099,云计算ETF华宝,0.992,11990991,illiquid,当日成交额 1199 万 ≤ 2000 万,
sz159098,价值ETF招商,0.984,3485242,illiquid,当日成交额 349 万 ≤ 2000 万,
sz159096,价值ETF华夏,0.974,8513580,illiquid,当日成交额 851 万 ≤ 2000 万,
sz159095,云计算ETF银华,0.96,10186903,illiquid,当日成交额 1019 万 ≤ 2000 万,
sz159093,化工ETF汇添富,0.991,4001523,illiquid,当日成交额 400 万 ≤ 2000 万,
sz159091,港股通金融ETF易方达,1.092,4497810,illiquid,当日成交额 450 万 ≤ 2000 万,
sz159087,化工ETF万家,0.993,2042826,illiquid,当日成交额 204 万 ≤ 2000 万,
sz159086,金融科技ETF广发,1.045,2270682,illiquid,当日成交额 227 万 ≤ 2000 万,
sz159085,价值ETF永赢,1.013,1674862,illiquid,当日成交额 167 万 ≤ 2000 万,
sz159083,红利低波100ETF嘉实,0.99,4488637,illiquid,当日成交额 449 万 ≤ 2000 万,
sz159082,化工ETF华夏,0.953,1324769,illiquid,当日成交额 132 万 ≤ 2000 万,
sz159079,价值ETF兴全,0.987,3788425,illiquid,当日成交额 379 万 ≤ 2000 万,
sz159078,A股ETF富国,0.947,7738078,asset_class,A股宽基指数（名称含「A股ETF」）,
sz159077,电池ETF鑫元,0.89,3173071,illiquid,当日成交额 317 万 ≤ 2000 万,
sz159076,创业板新能源ETF华宝,0.802,10742751,asset_class,A股宽基指数（名称含「创业板」）,
sz159075,工业互联网ETF华夏,0.909,3259868,illiquid,当日成交额 326 万 ≤ 2000 万,
sz159073,粮食ETF汇添富,1.067,15924677,illiquid,当日成交额 1592 万 ≤ 2000 万,
sz159072,粮食ETF景顺,1.154,10765280,illiquid,当日成交额 1077 万 ≤ 2000 万,
sz159071,储能电池ETF华宝,0.794,6548826,illiquid,当日成交额 655 万 ≤ 2000 万,
sz159070,工程机械ETF嘉实,0.893,3426753,illiquid,当日成交额 343 万 ≤ 2000 万,
sz159069,创业板新能源ETF华泰柏瑞,0.959,6325971,asset_class,A股宽基指数（名称含「创业板」）,
sz159068,软件ETF华夏,1.004,4839749,illiquid,当日成交额 484 万 ≤ 2000 万,
sz159067,绿色电力ETF鹏华,1.016,357226,illiquid,当日成交额 36 万 ≤ 2000 万,
sz159066,A股ETF建信,0.934,5171184,asset_class,A股宽基指数（名称含「A股ETF」）,
sz159065,工程机械ETF景顺,0.877,3820294,illiquid,当日成交额 382 万 ≤ 2000 万,
sz159063,粮食ETF南方,1.078,11862370,illiquid,当日成交额 1186 万 ≤ 2000 万,
sz159062,稀有金属ETF南方,0.78,10420628,illiquid,当日成交额 1042 万 ≤ 2000 万,
sz159061,绿色电力ETF南方,0.924,4570567,illiquid,当日成交额 457 万 ≤ 2000 万,
sz159060,粮食ETF浦银,1.052,1478017,illiquid,当日成交额 148 万 ≤ 2000 万,
sz159059,电力ETF大成,1.014,5289157,illiquid,当日成交额 529 万 ≤ 2000 万,
sz159058,证券ETF大成,0.974,4642601,illiquid,当日成交额 464 万 ≤ 2000 万,
sz159057,医疗器械ETF鹏华,1.015,1538676,illiquid,当日成交额 154 万 ≤ 2000 万,
sz159056,医疗器械ETF富国,1.031,7105996,illiquid,当日成交额 711 万 ≤ 2000 万,
sz159055,稀有金属ETF富国,0.87,7862537,illiquid,当日成交额 786 万 ≤ 2000 万,
sz159053,稀有金属ETF华夏,0.86,10289113,illiquid,当日成交额 1029 万 ≤ 2000 万,
sz159052,储能电池ETF嘉实,0.807,1901489,illiquid,当日成交额 190 万 ≤ 2000 万,
sz159051,医疗器械ETF易方达,1.034,4487764,illiquid,当日成交额 449 万 ≤ 2000 万,
sz159050,机器人ETF广发,0.839,14029918,illiquid,当日成交额 1403 万 ≤ 2000 万,
sz159049,有色ETF工银,0.97,5240545,illiquid,当日成交额 524 万 ≤ 2000 万,
sz159048,机器人ETF大成,0.848,6237208,illiquid,当日成交额 624 万 ≤ 2000 万,
sz159046,绿电ETF天弘,0.915,3458113,illiquid,当日成交额 346 万 ≤ 2000 万,
sz159045,稀有金属ETF大成,0.764,4894248,illiquid,当日成交额 489 万 ≤ 2000 万,
sz159043,食品ETF华安,1.005,2721227,illiquid,当日成交额 272 万 ≤ 2000 万,
sz159042,价值ETF汇添富,0.981,408730,illiquid,当日成交额 41 万 ≤ 2000 万,
sz159041,农业ETF鹏华,1.021,3816282,illiquid,当日成交额 382 万 ≤ 2000 万,
sz159040,港股通互联网ETF鹏华,1.035,4837061,illiquid,当日成交额 484 万 ≤ 2000 万,
sz159039,机器人ETF华安,0.822,21012398,fetch_failed,抓取失败或样本不足 70 天,
sz159038,粮食ETF易方达,0.966,16937834,illiquid,当日成交额 1694 万 ≤ 2000 万,
sz159037,价值ETF鹏华,0.98,239250,illiquid,当日成交额 24 万 ≤ 2000 万,
sz159036,软件开发ETF华宝,0.935,8225138,illiquid,当日成交额 823 万 ≤ 2000 万,
sz159035,软件ETF天弘,0.82,11177838,illiquid,当日成交额 1118 万 ≤ 2000 万,
sz159033,粮食ETF国泰,1.02,53482244,dedup,同主题「农业」，代表为 sz159698 粮食ETF鹏华,农业
sz159032,工业有色ETF易方达,0.864,8633735,illiquid,当日成交额 863 万 ≤ 2000 万,
sz159031,粮食ETF博时,0.996,4953247,illiquid,当日成交额 495 万 ≤ 2000 万,
sz159030,粮食ETF华夏,0.901,67457236,dedup,同主题「农业」，代表为 sz159698 粮食ETF鹏华,农业
sz159029,有色ETF广发,0.88,8949357,illiquid,当日成交额 895 万 ≤ 2000 万,
sz159028,港股汽车ETF天弘,0.702,5090598,illiquid,当日成交额 509 万 ≤ 2000 万,
sz159027,畜牧养殖ETF大成,0.913,4313796,illiquid,当日成交额 431 万 ≤ 2000 万,
sz159026,石油ETF南方,0.926,6750896,illiquid,当日成交额 675 万 ≤ 2000 万,
sz159025,家电ETF华安,0.995,5136675,illiquid,当日成交额 514 万 ≤ 2000 万,
sz159023,养殖ETF万家,1.069,5492832,illiquid,当日成交额 549 万 ≤ 2000 万,
sz159022,科创创业人工智能ETF富国,1.043,25130907,asset_class,A股宽基指数（名称含「科创创业」）,
sz159021,大盘价值ETF华夏,1.008,4114778,illiquid,当日成交额 411 万 ≤ 2000 万,
sz159020,养殖ETF易方达,0.921,1469562,illiquid,当日成交额 147 万 ≤ 2000 万,
sz159019,石油ETF华宝,0.927,8009393,illiquid,当日成交额 801 万 ≤ 2000 万,
sz159018,石油ETF广发,0.905,4505911,illiquid,当日成交额 451 万 ≤ 2000 万,
sz159017,石油ETF工银,0.923,4816539,illiquid,当日成交额 482 万 ≤ 2000 万,
sz159016,证券ETF广发,0.993,21494147,illiquid,20 日均额 2358 万 ≤ 3000 万,
sz159015,恒生港股通科技ETF国联,0.879,7372187,illiquid,当日成交额 737 万 ≤ 2000 万,
sz159013,工业互联网ETF大成,1.0,4019024,illiquid,当日成交额 402 万 ≤ 2000 万,
sz159012,科创创业50ETF鹏华,0.892,14516738,asset_class,A股宽基指数（名称含「科创创业」）,
sz159011,养殖ETF华安,1.064,3144033,illiquid,当日成交额 314 万 ≤ 2000 万,
sz159010,港股通科技ETF博时,0.888,9659207,illiquid,当日成交额 966 万 ≤ 2000 万,
sz159009,创业板新能源ETF易方达,0.825,1061051,asset_class,A股宽基指数（名称含「创业板」）,
sz159008,证券ETF景顺,1.0,6220905,illiquid,当日成交额 622 万 ≤ 2000 万,
sz159007,养殖ETF华泰柏瑞,0.889,16778550,illiquid,当日成交额 1678 万 ≤ 2000 万,
sz159005,快钱ETF汇添富,100.0,21090454,illiquid,20 日均额 2740 万 ≤ 3000 万,
sz159003,招商快线ETF,100.0,74777437,asset_class,A股宽基指数（名称含「快线」）,
sz159001,货币ETF易方达,100.0,466402081,asset_class,货币/理财（名称含「货币」）,
sz158061,创业板算力ETF天弘,1.082,174293569,asset_class,A股宽基指数（名称含「创业板」）,
sz158050,创业板算力ETF易方达,1.044,403745560,asset_class,A股宽基指数（名称含「创业板」）,
sz158049,创业板算力ETF广发,1.026,810142117,asset_class,A股宽基指数（名称含「创业板」）,
sz158041,创业板算力ETF华夏,1.077,372357845,asset_class,A股宽基指数（名称含「创业板」）,
sz158038,粮食ETF富国,1.005,29593977,fetch_failed,抓取失败或样本不足 70 天,
sz158032,化工ETF景顺,0.96,5226921,illiquid,当日成交额 523 万 ≤ 2000 万,
sz158031,创业板人工智能ETF易方达,1.019,133559385,asset_class,A股宽基指数（名称含「创业板」）,
sz158028,稀有金属ETF招商,0.976,6226902,illiquid,当日成交额 623 万 ≤ 2000 万,
sz158027,工业互联网ETF易方达,0.986,21600858,fetch_failed,抓取失败或样本不足 70 天,
sz158023,红利低波ETF万家,0.986,5009837,illiquid,当日成交额 501 万 ≤ 2000 万,
sz158022,创业板综增强ETF国联,1.033,9020451,asset_class,A股宽基指数（名称含「创业板」）,
sz158019,电池ETF永赢,0.917,4328590,illiquid,当日成交额 433 万 ≤ 2000 万,
sz158017,化工ETF易方达,0.967,3380459,illiquid,当日成交额 338 万 ≤ 2000 万,
sz158013,航空航天ETF易方达,0.999,2898687,illiquid,当日成交额 290 万 ≤ 2000 万,
sz158012,云计算ETF南方,0.953,18333774,illiquid,当日成交额 1833 万 ≤ 2000 万,
sz158011,创业板软件ETF国泰,0.998,3879111,asset_class,A股宽基指数（名称含「创业板」）,
sz158010,医疗ETF嘉实,1.003,46354793,fetch_failed,抓取失败或样本不足 70 天,
sz158009,航空航天ETF南方,1.045,3496875,illiquid,当日成交额 350 万 ≤ 2000 万,
sz158008,储能电池ETF华夏,0.941,4090869,illiquid,当日成交额 409 万 ≤ 2000 万,
sz158006,化工ETF博时,0.983,785809,illiquid,当日成交额 79 万 ≤ 2000 万,
sz158005,工程机械ETF博时,0.935,1173821,illiquid,当日成交额 117 万 ≤ 2000 万,
sz158003,港股通医疗ETF嘉实,1.035,14457359,illiquid,当日成交额 1446 万 ≤ 2000 万,
sz158001,价值ETF嘉实,0.978,1294366,illiquid,当日成交额 129 万 ≤ 2000 万,
sz158000,港股通金融ETF鹏华,1.033,3254732,illiquid,当日成交额 325 万 ≤ 2000 万,
sh589990,科创综指ETF华泰柏瑞,1.66,4700064,asset_class,A股宽基指数（名称含「科创综指」）,
sh589980,科创100ETF汇添富,1.866,9508593,asset_class,A股宽基指数（名称含「科创100」）,
sh589960,科创新能源ETF易方达,0.837,21450435,illiquid,20 日均额 2361 万 ≤ 3000 万,
sh589950,科创100ETF富国,1.354,3005340,asset_class,A股宽基指数（名称含「科创100」）,
sh589900,科创综指ETF博时,1.585,11574930,asset_class,A股宽基指数（名称含「科创综指」）,
sh589890,科创综指ETF景顺,1.577,5521258,asset_class,A股宽基指数（名称含「科创综指」）,
sh589880,科创综指ETF建信,1.558,33883647,asset_class,A股宽基指数（名称含「科创综指」）,
sh589860,科创综指ETF天弘,1.577,24236651,asset_class,A股宽基指数（名称含「科创综指」）,
sh589850,科创50ETF东财,1.6,170561184,asset_class,A股宽基指数（名称含「科创50」）,
sh589820,科创200ETF建信,1.297,15730569,asset_class,A股宽基指数（名称含「科创200」）,
sh589800,科创综指ETF易方达,1.591,50090071,asset_class,A股宽基指数（名称含「科创综指」）,
sh589780,科创200ETF富国,1.277,4575839,asset_class,A股宽基指数（名称含「科创200」）,
sh589770,科创综指ETF招商,1.602,9424137,asset_class,A股宽基指数（名称含「科创综指」）,
sh589720,科创创新药ETF国泰,0.926,703381484,dedup,同主题「医药·A股」，代表为 sz159992 创新药ETF银华,医药·A股
sh589700,科创成长ETF南方,2.269,10427959,illiquid,当日成交额 1043 万 ≤ 2000 万,
sh589680,科创综指ETF鹏华,1.531,138127865,asset_class,A股宽基指数（名称含「科创综指」）,
sh589660,科创综指ETF南方,1.594,46809663,asset_class,A股宽基指数（名称含「科创综指」）,
sh589630,科创综指ETF国泰,0.786,27151921,asset_class,A股宽基指数（名称含「科创综指」）,
sh589600,科创综指ETF富国,1.582,11071658,asset_class,A股宽基指数（名称含「科创综指」）,
sh589580,科创综指ETF兴银,1.571,583971,asset_class,A股宽基指数（名称含「科创综指」）,
sh589560,科创人工智能ETF汇添富,0.97,37374560,illiquid,20 日均额 850 万 ≤ 3000 万,
sh589550,科创价值ETF华夏,1.309,2761510,illiquid,当日成交额 276 万 ≤ 2000 万,
sh589520,科创人工智能ETF华宝,0.611,48822051,illiquid,20 日均额 2975 万 ≤ 3000 万,
sh589510,科创新材料ETF易方达,1.027,12299562,illiquid,当日成交额 1230 万 ≤ 2000 万,
sh589500,科创综指ETF工银,1.604,5788158,asset_class,A股宽基指数（名称含「科创综指」）,
sh589460,科创200ETF华宝,1.015,44126835,asset_class,A股宽基指数（名称含「科创200」）,
sh589430,科创芯片设计ETF华宝,1.032,74602152,fetch_failed,抓取失败或样本不足 70 天,
sh589420,科创芯片设计ETF永赢,0.785,17727094,illiquid,当日成交额 1773 万 ≤ 2000 万,
sh589410,科创人工智能ETF嘉实,0.857,14165092,illiquid,当日成交额 1417 万 ≤ 2000 万,
sh589400,科创芯片设计ETF富国,0.781,14105666,illiquid,当日成交额 1411 万 ≤ 2000 万,
sh589390,科创芯片设计ETF招商,0.782,19721804,illiquid,当日成交额 1972 万 ≤ 2000 万,
sh589380,科创人工智能ETF富国,1.46,16845295,illiquid,当日成交额 1685 万 ≤ 2000 万,
sh589360,科创50ETF国泰,0.861,66530015,asset_class,A股宽基指数（名称含「科创50」）,
sh589350,科创芯片设计ETF银华,0.788,24251830,fetch_failed,抓取失败或样本不足 70 天,
sh589330,科创200ETF东财,0.915,4522943,asset_class,A股宽基指数（名称含「科创200」）,
sh589320,科创200ETF嘉实,0.898,3057131,asset_class,A股宽基指数（名称含「科创200」）,
sh589310,科创人工智能ETF鑫元,0.839,12160970,illiquid,当日成交额 1216 万 ≤ 2000 万,
sh589300,科创综指ETF嘉实,1.73,2269352,asset_class,A股宽基指数（名称含「科创综指」）,
sh589290,科创芯片设计ETF汇添富,0.813,8187410,illiquid,当日成交额 819 万 ≤ 2000 万,
sh589280,科创增强ETF华宝,0.943,4750887,illiquid,当日成交额 475 万 ≤ 2000 万,
sh589270,科创100ETF前海开源,1.142,465661,asset_class,A股宽基指数（名称含「科创100」）,
sh589260,科创芯片设计ETF国泰,1.281,20264541,illiquid,20 日均额 1064 万 ≤ 3000 万,
sh589250,科创芯片设计ETF浦银,1.28,12206418,illiquid,当日成交额 1221 万 ≤ 2000 万,
sh589230,科创人工智能ETF南方,0.883,18043799,illiquid,当日成交额 1804 万 ≤ 2000 万,
sh589220,科创200ETF国泰,1.058,36362967,asset_class,A股宽基指数（名称含「科创200」）,
sh589210,科创芯片设计ETF广发,0.695,68776189,dedup,同主题「芯片设计」，代表为 sh589070 科创芯片设计ETF天弘,芯片设计
sh589200,科创200ETF工银,1.421,3492975,asset_class,A股宽基指数（名称含「科创200」）,
sh589190,科创芯片ETF华宝,0.65,169091891,dedup,同主题「半导体」，代表为 sh513310 中韩半导体ETF华泰柏瑞,半导体
sh589180,科创新材料ETF汇添富,1.728,31774330,illiquid,20 日均额 2952 万 ≤ 3000 万,
sh589170,科创芯片设计ETF鹏华,1.111,19239520,illiquid,当日成交额 1924 万 ≤ 2000 万,
sh589160,科创芯片ETF广发,1.3,33722632,illiquid,20 日均额 2686 万 ≤ 3000 万,
sh589150,科创50ETF平安,1.207,23638397,asset_class,A股宽基指数（名称含「科创50」）,
sh589130,科创芯片ETF易方达,1.419,209004973,dedup,同主题「半导体」，代表为 sh513310 中韩半导体ETF华泰柏瑞,半导体
sh589120,科创创新药ETF汇添富,0.853,169867535,dedup,同主题「医药·A股」，代表为 sz159992 创新药ETF银华,医药·A股
sh589110,科创人工智能ETF国泰,0.941,11826476,illiquid,当日成交额 1183 万 ≤ 2000 万,
sh589100,科创芯片ETF国泰,0.922,49192018,dedup,同主题「半导体」，代表为 sh513310 中韩半导体ETF华泰柏瑞,半导体
sh589090,科创AIETF鹏华,1.087,13856541,illiquid,当日成交额 1386 万 ≤ 2000 万,
sh589080,科创综指ETF汇添富,1.573,25468959,asset_class,A股宽基指数（名称含「科创综指」）,
sh589070,科创芯片设计ETF天弘,1.104,367095616,,,芯片设计
sh589060,科创综指ETF东财,1.659,5073356,asset_class,A股宽基指数（名称含「科创综指」）,
sh589050,科创综指ETF兴业,1.36,1266053,asset_class,A股宽基指数（名称含「科创综指」）,
sh589030,科创芯片设计ETF易方达,1.178,127083847,dedup,同主题「芯片设计」，代表为 sh589070 科创芯片设计ETF天弘,芯片设计
sh589020,科创半导体设备ETF鹏华,1.215,815309843,dedup,同主题「半导体设备」，代表为 sz159516 半导体设备ETF国泰,半导体设备
sh589010,科创人工智能ETF华夏,1.44,82370869,dedup,同主题「人工智能」，代表为 sz159819 人工智能ETF易方达,人工智能
sh589000,科创综指ETF华夏,1.581,84745286,asset_class,A股宽基指数（名称含「科创综指」）,
sh588990,科创芯片ETF博时,3.739,46324576,dedup,同主题「半导体」，代表为 sh513310 中韩半导体ETF华泰柏瑞,半导体
sh588980,科创100ETF广发,1.657,1472458,asset_class,A股宽基指数（名称含「科创100」）,
sh588960,科创新能源ETF富国,1.095,6568286,illiquid,当日成交额 657 万 ≤ 2000 万,
sh588950,科创50ETF景顺,1.744,86473485,asset_class,A股宽基指数（名称含「科创50」）,
sh588940,科创50ETF富国,0.864,158659946,asset_class,A股宽基指数（名称含「科创50」）,
sh588930,科创人工智能ETF银华,1.592,51065144,dedup,同主题「人工智能」，代表为 sz159819 人工智能ETF易方达,人工智能
sh588920,科创芯片ETF鹏华,1.145,28331667,illiquid,20 日均额 2023 万 ≤ 3000 万,
sh588910,科创价值ETF建信,1.522,9570646,illiquid,当日成交额 957 万 ≤ 2000 万,
sh588900,科创100ETF南方,1.86,8105883,asset_class,A股宽基指数（名称含「科创100」）,
sh588890,科创芯片ETF南方,1.346,170877958,dedup,同主题「半导体」，代表为 sh513310 中韩半导体ETF华泰柏瑞,半导体
sh588880,科创100ETF华泰柏瑞,1.796,6193745,asset_class,A股宽基指数（名称含「科创100」）,
sh588870,科创50ETF汇添富,1.691,188912772,asset_class,A股宽基指数（名称含「科创50」）,
sh588860,科创医药ETF工银,0.679,10241956,illiquid,当日成交额 1024 万 ≤ 2000 万,
sh588850,科创机械ETF嘉实,1.827,13341993,illiquid,当日成交额 1334 万 ≤ 2000 万,
sh588840,科创50ETF万家,1.545,8099478,asset_class,A股宽基指数（名称含「科创50」）,
sh588830,科创新能源ETF鹏华,1.184,93523883,dedup,同主题「新能源」，代表为 sh516160 新能源ETF南方,新能源
sh588820,科创200ETF华夏,2.015,15942269,asset_class,A股宽基指数（名称含「科创200」）,
sh588810,科创芯片ETF富国,1.277,85694046,dedup,同主题「半导体」，代表为 sh513310 中韩半导体ETF华泰柏瑞,半导体
sh588800,科创100ETF华夏,1.788,316289133,asset_class,A股宽基指数（名称含「科创100」）,
sh588790,科创AIETF博时,0.814,299543870,dedup,同主题「人工智能」，代表为 sz159819 人工智能ETF易方达,人工智能
sh588780,科创芯片设计ETF国联安,1.015,230016847,dedup,同主题「芯片设计」，代表为 sh589070 科创芯片设计ETF天弘,芯片设计
sh588770,科创信息ETF摩根,1.86,15347800,illiquid,当日成交额 1535 万 ≤ 2000 万,
sh588760,科创人工智能ETF广发,0.771,220858589,dedup,同主题「人工智能」，代表为 sz159819 人工智能ETF易方达,人工智能
sh588750,科创芯片ETF汇添富,2.381,200564263,dedup,同主题「半导体」，代表为 sh513310 中韩半导体ETF华泰柏瑞,半导体
sh588730,科创人工智能ETF易方达,1.519,92520168,dedup,同主题「人工智能」，代表为 sz159819 人工智能ETF易方达,人工智能
sh588720,科创50ETF中银,1.699,7309141,asset_class,A股宽基指数（名称含「科创50」）,
sh588710,科创半导体设备ETF华泰柏瑞,1.031,1339723912,dedup,同主题「半导体设备」，代表为 sz159516 半导体设备ETF国泰,半导体设备
sh588700,科创医药ETF嘉实,1.017,38614734,dedup,同主题「医药·A股」，代表为 sz159992 创新药ETF银华,医药·A股
sh588690,科创增强ETF银华,1.233,7630557,illiquid,当日成交额 763 万 ≤ 2000 万,
sh588680,科创100增强ETF广发,2.648,2497190,asset_class,A股宽基指数（名称含「科创100」）,
sh588670,科创综指增强ETF嘉实,1.766,2489093,asset_class,A股宽基指数（名称含「科创综指」）,
sh588660,科创创业50ETF兴银,1.799,2912938,asset_class,A股宽基指数（名称含「科创创业」）,
sh588550,科创综指增强ETF易方达,1.375,12128474,asset_class,A股宽基指数（名称含「科创综指」）,
sh588530,科创创业人工智能ETF中银证券,0.976,12564203,asset_class,A股宽基指数（名称含「科创创业」）,
sh588520,科创增强ETF永赢,1.432,5998776,illiquid,当日成交额 600 万 ≤ 2000 万,
sh588510,科创创业人工智能ETF华夏,0.894,18347346,asset_class,A股宽基指数（名称含「科创创业」）,
sh588500,科创100增强ETF易方达,2.618,7806966,asset_class,A股宽基指数（名称含「科创100」）,
sh588480,科创创业人工智能ETF中金,0.932,12821170,asset_class,A股宽基指数（名称含「科创创业」）,
sh588470,科创创业人工智能ETF华安,0.875,18717286,asset_class,A股宽基指数（名称含「科创创业」）,
sh588460,科创50增强ETF鹏华,2.087,66879866,asset_class,A股宽基指数（名称含「科创50」）,
sh588450,科创50增强ETF招商,2.204,13360915,asset_class,A股宽基指数（名称含「科创50」）,
sh588430,科创创业人工智能ETF工银,1.278,8037808,asset_class,A股宽基指数（名称含「科创创业」）,
sh588420,科创创业人工智能ETF摩根,1.234,23713966,asset_class,A股宽基指数（名称含「科创创业」）,
sh588410,科创创业人工智能ETF鹏华,1.25,6282690,asset_class,A股宽基指数（名称含「科创创业」）,
sh588400,科创创业ETF嘉实,1.102,104195837,asset_class,A股宽基指数（名称含「科创创业」）,
sh588390,科创创业ETF博时,1.186,6819541,asset_class,A股宽基指数（名称含「科创创业」）,
sh588380,科创创业ETF富国,1.103,195358774,asset_class,A股宽基指数（名称含「科创创业」）,
sh588370,科创50增强ETF南方,1.774,11372718,asset_class,A股宽基指数（名称含「科创50」）,
sh588360,科创创业ETF国泰,1.182,26055619,asset_class,A股宽基指数（名称含「科创创业」）,
sh588350,科创创业50ETF鹏扬,1.687,2178033,asset_class,A股宽基指数（名称含「科创创业」）,
sh588330,双创50ETF华宝,1.1,63054528,asset_class,A股宽基指数（名称含「双创」）,
sh588320,双创50增强ETF广发,1.73,13194765,asset_class,A股宽基指数（名称含「双创」）,
sh588310,科创创业ETF方正富邦,1.161,1281982,asset_class,A股宽基指数（名称含「科创创业」）,
sh588300,科创创业50ETF招商,1.121,52234989,asset_class,A股宽基指数（名称含「科创创业」）,
sh588290,科创芯片ETF华安,1.166,180913478,dedup,同主题「半导体」，代表为 sh513310 中韩半导体ETF华泰柏瑞,半导体
sh588280,科创50ETF华安,1.198,32970586,asset_class,A股宽基指数（名称含「科创50」）,
sh588270,科创200ETF易方达,1.765,21866397,asset_class,A股宽基指数（名称含「科创200」）,
sh588260,科创信息ETF华安,2.562,4409370,illiquid,当日成交额 441 万 ≤ 2000 万,
sh588250,科创医药ETF鹏华,1.055,9374253,illiquid,当日成交额 937 万 ≤ 2000 万,
sh588240,科创200ETF鹏华,1.733,44693111,asset_class,A股宽基指数（名称含「科创200」）,
sh588230,科创200ETF华泰柏瑞,1.875,147083829,asset_class,A股宽基指数（名称含「科创200」）,
sh588220,科创100ETF鹏华,1.809,822472477,asset_class,A股宽基指数（名称含「科创100」）,
sh588210,科创100ETF易方达,1.821,14579857,asset_class,A股宽基指数（名称含「科创100」）,
sh588200,科创芯片ETF嘉实,1.191,2829232181,dedup,同主题「半导体」，代表为 sh513310 中韩半导体ETF华泰柏瑞,半导体
sh588190,科创100ETF银华,1.8,76251709,asset_class,A股宽基指数（名称含「科创100」）,
sh588180,科创50ETF国联安,1.09,25894537,asset_class,A股宽基指数（名称含「科创50」）,
sh588170,科创半导体ETF华夏,0.995,6133168928,dedup,同主题「半导体」，代表为 sh513310 中韩半导体ETF华泰柏瑞,半导体
sh588160,科创新材料ETF南方,1.081,203829815,,,新材料
sh588150,科创50ETF南方,1.186,42134374,asset_class,A股宽基指数（名称含「科创50」）,
sh588140,科创200ETF广发,1.266,9032154,asset_class,A股宽基指数（名称含「科创200」）,
sh588130,科创医药ETF华夏,1.038,80164339,dedup,同主题「医药·A股」，代表为 sz159992 创新药ETF银华,医药·A股
sh588120,科创100ETF国泰,0.917,35308313,asset_class,A股宽基指数（名称含「科创100」）,
sh588110,科创成长ETF广发,0.656,47730732,not_carrier,按估值/增长风格因子选股，成分跨行业,
sh588100,科创信息ETF嘉实,0.884,14608999,illiquid,当日成交额 1461 万 ≤ 2000 万,
sh588090,科创50ETF华泰柏瑞,1.715,174212290,asset_class,A股宽基指数（名称含「科创50」）,
sh588080,科创50ETF易方达,1.705,1811138518,asset_class,A股宽基指数（名称含「科创50」）,
sh588070,科创成长ETF万家,2.285,9640536,illiquid,当日成交额 964 万 ≤ 2000 万,
sh588060,科创50ETF广发,1.057,518394769,asset_class,A股宽基指数（名称含「科创50」）,
sh588050,科创50ETF工银,1.709,313365050,asset_class,A股宽基指数（名称含「科创50」）,
sh588040,科创50ETF鹏华,1.694,24861282,asset_class,A股宽基指数（名称含「科创50」）,
sh588030,科创100ETF博时,1.803,145043883,asset_class,A股宽基指数（名称含「科创100」）,
sh588020,科创成长ETF易方达,0.894,234682263,not_carrier,按估值/增长风格因子选股，成分跨行业,
sh588010,科创新材料ETF博时,1.056,109923277,dedup,同主题「新材料」，代表为 sh588160 科创新材料ETF南方,新材料
sh588000,科创50ETF华夏,1.758,7922340749,asset_class,A股宽基指数（名称含「科创50」）,
sh563990,800现金流ETF富国,1.216,5896985,asset_class,货币/理财（名称含「现金」）,
sh563980,800红利低波ETF鑫元,0.969,4114831,illiquid,当日成交额 411 万 ≤ 2000 万,
sh563960,300质量ETF兴全,0.943,967420,illiquid,当日成交额 97 万 ≤ 2000 万,
sh563930,上证增强ETF招商,1.067,1196745,illiquid,当日成交额 120 万 ≤ 2000 万,
sh563900,300自由现金流ETF摩根,1.139,20809870,asset_class,货币/理财（名称含「现金」）,
sh563890,国企红利ETF创金合信,1.061,584810,illiquid,当日成交额 58 万 ≤ 2000 万,
sh563880,A500ETF汇添富,1.245,102785915,asset_class,A股宽基指数（名称含「A50」）,
sh563870,通用航空ETF鹏华,0.647,133039,illiquid,当日成交额 13 万 ≤ 2000 万,
sh563860,中证A500ETF海富通,1.295,28017203,asset_class,A股宽基指数（名称含「中证A500」）,
sh563850,食品ETF广发,0.962,3697508,illiquid,当日成交额 370 万 ≤ 2000 万,
sh563830,全指现金流ETF博时,1.127,3283735,asset_class,货币/理财（名称含「现金」）,
sh563800,A500ETF广发,1.204,287541946,asset_class,A股宽基指数（名称含「A50」）,
sh563790,卫星ETF鹏华,0.838,31451807,dedup,同主题「卫星」，代表为 sz159206 卫星ETF永赢,卫星
sh563780,现金流全指ETF方正富邦,1.188,1100100,asset_class,货币/理财（名称含「现金」）,
sh563770,全指现金流ETF招商,1.148,12272928,asset_class,货币/理财（名称含「现金」）,
sh563760,全指现金流ETF中银,1.128,98435908,asset_class,货币/理财（名称含「现金」）,
sh563750,中证500ETF汇添富,1.101,12277112,asset_class,A股宽基指数（名称含「中证500」）,
sh563700,红利价值ETF易方达,1.076,5616475,illiquid,当日成交额 562 万 ≤ 2000 万,
sh563690,红利低波ETF永赢,1.028,6208635,illiquid,当日成交额 621 万 ≤ 2000 万,
sh563680,800现金流ETF汇添富,1.155,2839332,asset_class,货币/理财（名称含「现金」）,
sh563670,金融科技ETF鹏华,0.666,1163195,illiquid,当日成交额 116 万 ≤ 2000 万,
sh563660,A500ETF银河,1.238,388761,asset_class,A股宽基指数（名称含「A50」）,
sh563650,中证A500ETF兴业,1.275,5083388,asset_class,A股宽基指数（名称含「中证A500」）,
sh563630,A500增强ETF国联安,1.262,1251905,asset_class,A股宽基指数（名称含「A50」）,
sh563620,全指现金流ETF兴业,1.039,927243,asset_class,货币/理财（名称含「现金」）,
sh563600,A500增强ETF易方达,1.035,649283,asset_class,A股宽基指数（名称含「A50」）,
sh563590,A500红利低波动ETF国寿,0.978,305403,asset_class,A股宽基指数（名称含「A50」）,
sh563580,自由现金流800ETF万家,1.09,6047228,asset_class,货币/理财（名称含「现金」）,
sh563570,金融科技ETF兴业,0.725,3662512,illiquid,当日成交额 366 万 ≤ 2000 万,
sh563560,科技成长ETF兴业,1.231,17814186,illiquid,当日成交额 1781 万 ≤ 2000 万,
sh563550,A500增强ETF摩根,1.265,6627999,asset_class,A股宽基指数（名称含「A50」）,
sh563530,卫星ETF易方达,1.117,51921408,dedup,同主题「卫星」，代表为 sz159206 卫星ETF永赢,卫星
sh563520,沪深300ETF永赢,1.187,7960946,asset_class,A股宽基指数（名称含「沪深300」）,
sh563510,A500红利低波ETF易方达,1.009,5590887,asset_class,A股宽基指数（名称含「A50」）,
sh563500,A500ETF华宝,0.627,9142057,asset_class,A股宽基指数（名称含「A50」）,
sh563390,全指现金流ETF华泰柏瑞,1.178,19283583,asset_class,货币/理财（名称含「现金」）,
sh563380,航空航天ETF华泰柏瑞,0.971,27354468,dedup,同主题「航天航空」，代表为 sz159227 航空航天ETF华夏,航天航空
sh563360,A500ETF华泰柏瑞,1.272,3317080363,asset_class,A股宽基指数（名称含「A50」）,
sh563350,A50ETF华泰柏瑞,1.381,13275280,asset_class,A股宽基指数（名称含「A50」）,
sh563330,A股ETF华泰柏瑞,4.21,29537775,asset_class,A股宽基指数（名称含「A股ETF」）,
sh563320,通用航空ETF华泰柏瑞,0.852,5179565,illiquid,当日成交额 518 万 ≤ 2000 万,
sh563300,中证2000ETF华泰柏瑞,1.485,594390621,asset_class,A股宽基指数（名称含「中证2000」）,
sh563280,A50增强ETF富国,1.394,30554,asset_class,A股宽基指数（名称含「A50」）,
sh563230,卫星ETF富国,1.11,119339037,dedup,同主题「卫星」，代表为 sz159206 卫星ETF永赢,卫星
sh563220,A500ETF富国,1.255,93744693,asset_class,A股宽基指数（名称含「A50」）,
sh563210,专精特新ETF富国,2.082,10067232,illiquid,当日成交额 1007 万 ≤ 2000 万,
sh563200,中证2000ETF富国,1.593,14370100,asset_class,A股宽基指数（名称含「中证2000」）,
sh563180,高股息ETF银华,1.149,1697114,illiquid,当日成交额 170 万 ≤ 2000 万,
sh563150,油气ETF银华,1.376,1526481,illiquid,当日成交额 153 万 ≤ 2000 万,
sh563090,上证50增强ETF易方达,1.458,2275463,asset_class,A股宽基指数（名称含「上证50」）,
sh563080,中证A50ETF易方达,1.348,36952936,asset_class,A股宽基指数（名称含「中证A50」）,
sh563060,央企50ETF易方达,1.092,741358,illiquid,当日成交额 74 万 ≤ 2000 万,
sh563050,央企科技ETF易方达,1.345,14976354,illiquid,当日成交额 1498 万 ≤ 2000 万,
sh563030,中证500增强ETF易方达,1.581,3607640,asset_class,A股宽基指数（名称含「中证500」）,
sh563020,红利低波ETF易方达,1.168,221971965,not_carrier,按股息率/波动率选股，成分跨行业，驱动力是利率与risk-off而非产业变化,
sh563010,电信ETF易方达,2.201,37396341,illiquid,20 日均额 1505 万 ≤ 3000 万,
sh563000,中国A50ETF易方达,1.111,12723867,asset_class,A股宽基指数（名称含「A50」）,
sh562990,碳中和ETF易方达,0.916,2923948,illiquid,当日成交额 292 万 ≤ 2000 万,
sh562970,光伏ETF易方达,0.957,13464524,illiquid,当日成交额 1346 万 ≤ 2000 万,
sh562960,绿色电力ETF易方达,1.128,30240699,illiquid,20 日均额 2679 万 ≤ 3000 万,
sh562950,消费电子ETF易方达,1.602,139411215,dedup,同主题「消费电子」，代表为 sz159732 消费电子ETF华夏,消费电子
sh562930,软件ETF易方达,0.706,66547337,dedup,同主题「软件」，代表为 sz159852 软件ETF嘉实,软件
sh562920,信息安全ETF易方达,0.942,9303163,illiquid,当日成交额 930 万 ≤ 2000 万,
sh562910,高端制造ETF易方达,0.793,9010063,illiquid,当日成交额 901 万 ≤ 2000 万,
sh562900,农业ETF易方达,0.705,7616146,illiquid,当日成交额 762 万 ≤ 2000 万,
sh562890,A50ETF嘉实,1.349,15171879,asset_class,A股宽基指数（名称含「A50」）,
sh562880,电池ETF嘉实,0.701,14436651,illiquid,当日成交额 1444 万 ≤ 2000 万,
sh562870,证券ETF嘉实,0.911,8923768,illiquid,当日成交额 892 万 ≤ 2000 万,
sh562860,疫苗ETF嘉实,0.669,19715136,illiquid,当日成交额 1972 万 ≤ 2000 万,
sh562850,央企能源ETF嘉实,1.256,8953533,illiquid,当日成交额 895 万 ≤ 2000 万,
sh562820,集成电路ETF嘉实,0.99,32801368,dedup,同主题「半导体」，代表为 sh513310 中韩半导体ETF华泰柏瑞,半导体
sh562810,上证指数增强ETF嘉实,1.176,3622606,asset_class,A股宽基指数（名称含「上证指数」）,
sh562800,稀有金属ETF嘉实,0.891,137196111,,,稀土
sh562700,汽车零部件ETF华夏,1.186,11183747,illiquid,当日成交额 1118 万 ≤ 2000 万,
sh562660,中证2000ETF华夏,1.971,48483752,asset_class,A股宽基指数（名称含「中证2000」）,
sh562600,医疗器械ETF华夏,0.788,21832551,illiquid,20 日均额 2037 万 ≤ 3000 万,
sh562590,半导体设备ETF华夏,1.01,486543618,dedup,同主题「半导体设备」，代表为 sz159516 半导体设备ETF国泰,半导体设备
sh562580,可选消费ETF华夏,1.053,1535068,illiquid,当日成交额 154 万 ≤ 2000 万,
sh562570,信创ETF华夏,1.373,21588590,illiquid,20 日均额 1317 万 ≤ 3000 万,
sh562560,信息技术ETF华夏,2.29,1211210,illiquid,当日成交额 121 万 ≤ 2000 万,
sh562550,绿电ETF华夏,1.125,70421613,,,绿色电力
sh562530,中证1000价值ETF华夏,1.251,6962204,asset_class,A股宽基指数（名称含「中证1000」）,
sh562520,中证1000成长ETF华夏,1.398,8509953,asset_class,A股宽基指数（名称含「中证1000」）,
sh562510,旅游ETF华夏,0.563,41846051,dedup,同主题「旅游」，代表为 sz159766 旅游ETF富国,旅游
sh562500,机器人ETF华夏,0.934,367807931,dedup,同主题「机器人」，代表为 sz159530 机器人ETF易方达,机器人
sh562390,中药ETF银华,0.857,849049,illiquid,当日成交额 85 万 ≤ 2000 万,
sh562380,央企科技ETF银华,1.269,5735258,illiquid,当日成交额 574 万 ≤ 2000 万,
sh562360,机器人ETF银华,1.011,12592780,illiquid,当日成交额 1259 万 ≤ 2000 万,
sh562350,电力ETF银华,1.086,6126736,illiquid,当日成交额 613 万 ≤ 2000 万,
sh562340,中证500成长ETF银华,1.435,499005,asset_class,A股宽基指数（名称含「中证500」）,
sh562330,中证500价值ETF银华,1.219,996799,asset_class,A股宽基指数（名称含「中证500」）,
sh562320,沪深300价值ETF银华,1.337,4680231,asset_class,A股宽基指数（名称含「沪深300」）,
sh562310,沪深300成长ETF银华,1.054,7284987,asset_class,A股宽基指数（名称含「沪深300」）,
sh562300,碳中和ETF银华,0.628,902940,illiquid,当日成交额 90 万 ≤ 2000 万,
sh562180,A500红利低波ETF招商,0.996,3165053,asset_class,A股宽基指数（名称含「A50」）,
sh562170,沪深300现金流ETF易方达,0.981,2772891,asset_class,货币/理财（名称含「现金」）,
sh562150,红利质量ETF鹏华,0.977,5540338,illiquid,当日成交额 554 万 ≤ 2000 万,
sh562110,云计算50ETF东方红,1.049,27305011,fetch_failed,抓取失败或样本不足 70 天,
sh562080,300现金流ETF华宝,0.606,21891030,asset_class,货币/理财（名称含「现金」）,
sh562070,沪深300指增ETF华宝,1.045,12910116,asset_class,A股宽基指数（名称含「沪深300」）,
sh562060,标普A股红利ETF华宝,0.61,49923691,asset_class,海外/地域宽基（名称含「标普」）,
sh562050,药ETF华宝,0.911,6469155,illiquid,当日成交额 647 万 ≤ 2000 万,
sh562030,信创ETF华宝,0.503,8136394,illiquid,当日成交额 814 万 ≤ 2000 万,
sh562010,绿色能源ETF华宝,0.811,216673,illiquid,当日成交额 22 万 ≤ 2000 万,
sh562000,A100ETF华宝,0.595,5022492,asset_class,A股宽基指数（名称含「A100」）,
sh561990,沪深300增强ETF招商,1.016,17091256,asset_class,A股宽基指数（名称含「沪深300」）,
sh561980,半导体设备ETF招商,0.693,306068382,dedup,同主题「半导体设备」，代表为 sz159516 半导体设备ETF国泰,半导体设备
sh561960,央企回报ETF招商,1.297,194201,illiquid,当日成交额 19 万 ≤ 2000 万,
sh561950,中证500增强ETF招商,1.4,6840543,asset_class,A股宽基指数（名称含「中证500」）,
sh561930,沪深300ETF招商,1.559,7358675,asset_class,A股宽基指数（名称含「沪深300」）,
sh561920,疫苗ETF招商,0.673,2434133,illiquid,当日成交额 243 万 ≤ 2000 万,
sh561910,电池ETF招商,0.676,72350289,dedup,同主题「锂电池」，代表为 sz159755 电池ETF广发,锂电池
sh561900,沪深300ESGETF招商,0.965,3513538,asset_class,A股宽基指数（名称含「沪深300」）,
sh561890,A股ETF易方达,1.015,2267725,asset_class,A股宽基指数（名称含「A股ETF」）,
sh561880,A100ETF华富,1.247,1403417,asset_class,A股宽基指数（名称含「A100」）,
sh561870,现金流全指ETF华富,1.122,1436424,asset_class,货币/理财（名称含「现金」）,
sh561830,有色ETF国泰海通,0.926,1672322,illiquid,当日成交额 167 万 ≤ 2000 万,
sh561810,医疗器械ETF华泰柏瑞,1.01,5098869,illiquid,当日成交额 510 万 ≤ 2000 万,
sh561800,稀有金属ETF华富,0.963,9179955,illiquid,当日成交额 918 万 ≤ 2000 万,
sh561790,央企能源ETF博时,1.251,3184203,illiquid,当日成交额 318 万 ≤ 2000 万,
sh561780,1000增强ETF博时,1.591,2469011,illiquid,当日成交额 247 万 ≤ 2000 万,
sh561770,A100ETF博时,1.227,141525,asset_class,A股宽基指数（名称含「A100」）,
sh561760,油气ETF博时,1.393,3987394,illiquid,当日成交额 399 万 ≤ 2000 万,
sh561750,A50ETF博时,1.139,317655,asset_class,A股宽基指数（名称含「A50」）,
sh561730,A股ETF华夏,1.017,15607371,asset_class,A股宽基指数（名称含「A股ETF」）,
sh561700,电力ETF博时,1.094,8199295,illiquid,当日成交额 820 万 ≤ 2000 万,
sh561690,300质量ETF农银,0.976,9003523,illiquid,当日成交额 900 万 ≤ 2000 万,
sh561680,A500红利低波ETF平安,0.993,633955,asset_class,A股宽基指数（名称含「A50」）,
sh561660,通用航空ETF平安,0.894,1747746,illiquid,当日成交额 175 万 ≤ 2000 万,
sh561630,红利质量ETF华泰柏瑞,1.022,1899272,illiquid,当日成交额 190 万 ≤ 2000 万,
sh561620,化工ETF华泰柏瑞,0.987,4462798,illiquid,当日成交额 446 万 ≤ 2000 万,
sh561610,绿色电力ETF鑫元,0.98,6240449,illiquid,当日成交额 624 万 ≤ 2000 万,
sh561600,消费电子ETF平安,0.757,13953199,illiquid,当日成交额 1395 万 ≤ 2000 万,
sh561590,中证1000增强ETF华泰柏瑞,1.536,3274927,asset_class,A股宽基指数（名称含「中证1000」）,
sh561580,央企红利ETF华泰柏瑞,1.258,66461673,not_carrier,按所有制+股息率双重筛选，成分跨行业，驱动力是政策与资金再配置,
sh561570,油气ETF华泰柏瑞,1.397,15213004,illiquid,当日成交额 1521 万 ≤ 2000 万,
sh561560,电力ETF华泰柏瑞,1.256,32109304,dedup,同主题「电力」，代表为 sz159611 电力ETF广发,电力
sh561550,中证500增强ETF华泰柏瑞,1.412,26835277,asset_class,A股宽基指数（名称含「中证500」）,
sh561530,银行ETF银华,1.007,3222471,illiquid,当日成交额 322 万 ≤ 2000 万,
sh561510,中药ETF华泰柏瑞,0.928,1699428,illiquid,当日成交额 170 万 ≤ 2000 万,
sh561500,漂亮50ETF华泰柏瑞,0.777,73274,illiquid,当日成交额 7 万 ≤ 2000 万,
sh561490,红利质量ETF财通,1.003,2603612,illiquid,当日成交额 260 万 ≤ 2000 万,
sh561470,畜牧养殖ETF天弘,1.036,2744617,illiquid,当日成交额 274 万 ≤ 2000 万,
sh561460,人工智能ETF天弘,0.836,21309061,fetch_failed,抓取失败或样本不足 70 天,
sh561450,红利低波50ETF华泰柏瑞,0.966,706428,illiquid,当日成交额 71 万 ≤ 2000 万,
sh561430,红利质量ETF博时,1.028,409610,illiquid,当日成交额 41 万 ≤ 2000 万,
sh561420,300现金流ETF汇添富,1.068,5832462,asset_class,货币/理财（名称含「现金」）,
sh561410,光伏ETF工银,0.943,3918924,illiquid,当日成交额 392 万 ≤ 2000 万,
sh561400,畜牧养殖ETF鑫元,1.021,881218,illiquid,当日成交额 88 万 ≤ 2000 万,
sh561390,稀有金属ETF平安,0.932,2261793,illiquid,当日成交额 226 万 ≤ 2000 万,
sh561380,电网设备ETF国泰,0.732,67145122,dedup,同主题「电网设备」，代表为 sz159326 电网设备ETF华夏,电网设备
sh561370,中证2000ETF国泰,1.482,1745426,asset_class,A股宽基指数（名称含「中证2000」）,
sh561360,石油ETF国泰,1.482,77211180,,,石油石化
sh561350,中证500ETF国泰,1.248,27435345,asset_class,A股宽基指数（名称含「中证500」）,
sh561330,矿业ETF国泰,0.916,33842048,,,矿业
sh561320,交运ETF国泰,0.947,4071314,illiquid,当日成交额 407 万 ≤ 2000 万,
sh561310,消电ETF国泰,0.729,2891588,illiquid,当日成交额 289 万 ≤ 2000 万,
sh561300,沪深300增强ETF国泰,1.072,27684254,asset_class,A股宽基指数（名称含「沪深300」）,
sh561280,中证1000增强ETF工银,1.652,7716057,asset_class,A股宽基指数（名称含「中证1000」）,
sh561260,能源ETF工银,1.242,5274965,illiquid,当日成交额 527 万 ≤ 2000 万,
sh561250,稀有金属ETF鹏华,0.967,755900,illiquid,当日成交额 76 万 ≤ 2000 万,
sh561230,中证A50ETF工银,1.303,20282825,asset_class,A股宽基指数（名称含「中证A50」）,
sh561220,数字经济ETF工银,1.8,4719162,illiquid,当日成交额 472 万 ≤ 2000 万,
sh561200,中证A100ETF工银,1.444,2144514,asset_class,A股宽基指数（名称含「A100」）,
sh561190,碳中和ETF富国,0.91,1101255,illiquid,当日成交额 110 万 ≤ 2000 万,
sh561180,A100ETF富国,1.291,1202131,asset_class,A股宽基指数（名称含「A100」）,
sh561170,绿色电力ETF富国,1.135,21019428,dedup,同主题「绿色电力」，代表为 sh562550 绿电ETF华夏,绿色电力
sh561160,电池ETF富国,0.682,33969805,dedup,同主题「锂电池」，代表为 sz159755 电池ETF广发,锂电池
sh561130,国货ETF富国,1.014,6391163,illiquid,当日成交额 639 万 ≤ 2000 万,
sh561120,家电ETF富国,1.247,4812074,illiquid,当日成交额 481 万 ≤ 2000 万,
sh561100,消费电子ETF富国,1.666,55268525,dedup,同主题「消费电子」，代表为 sz159732 消费电子ETF华夏,消费电子
sh561090,A500增强ETF华安,1.214,3412617,asset_class,A股宽基指数（名称含「A50」）,
sh561080,全指现金流ETF华安,1.146,795879,asset_class,货币/理财（名称含「现金」）,
sh561060,国企红利ETF华安,1.162,705578,illiquid,当日成交额 71 万 ≤ 2000 万,
sh561050,稀有金属ETF易方达,0.828,6147489,illiquid,当日成交额 615 万 ≤ 2000 万,
sh561030,工程机械ETF华泰柏瑞,0.839,4022750,illiquid,当日成交额 402 万 ≤ 2000 万,
sh561020,食品ETF招商,1.025,2830245,illiquid,当日成交额 283 万 ≤ 2000 万,
sh561010,软件ETF华安,0.873,15343496,illiquid,当日成交额 1534 万 ≤ 2000 万,
sh561000,沪深300增强ETF华安,1.292,5896471,asset_class,A股宽基指数（名称含「沪深300」）,
sh560990,科技先锋ETF中金,1.124,460259,illiquid,当日成交额 46 万 ≤ 2000 万,
sh560980,光伏龙头ETF广发,0.625,10861482,illiquid,当日成交额 1086 万 ≤ 2000 万,
sh560970,工业有色ETF平安,0.908,988444,illiquid,当日成交额 99 万 ≤ 2000 万,
sh560950,中证500增强ETF汇添富,1.384,1095892,asset_class,A股宽基指数（名称含「中证500」）,
sh560930,电力ETF易方达,0.877,3021304,illiquid,当日成交额 302 万 ≤ 2000 万,
sh560920,工程机械ETF招商,0.924,2425229,illiquid,当日成交额 243 万 ≤ 2000 万,
sh560910,电池ETF华泰柏瑞,0.704,5910658,illiquid,当日成交额 591 万 ≤ 2000 万,
sh560900,创新药ETF摩根,0.932,14825703,illiquid,当日成交额 1483 万 ≤ 2000 万,
sh560880,家电ETF广发,1.514,26878186,illiquid,20 日均额 1907 万 ≤ 3000 万,
sh560870,工业有色ETF中银,0.894,11645616,illiquid,当日成交额 1165 万 ≤ 2000 万,
sh560860,工业有色ETF万家,1.554,251006893,dedup,同主题「有色金属」，代表为 sh512400 有色金属ETF南方,有色金属
sh560850,信创ETF汇添富,1.349,4694569,illiquid,当日成交额 469 万 ≤ 2000 万,
sh560830,电力ETF华夏,0.896,13351540,illiquid,当日成交额 1335 万 ≤ 2000 万,
sh560820,中证A50ETF新华,1.176,1530,asset_class,A股宽基指数（名称含「中证A50」）,
sh560810,央企ESGETF融通,1.266,1749129,illiquid,当日成交额 175 万 ≤ 2000 万,
sh560800,数字经济ETF鹏扬,1.16,6580145,illiquid,当日成交额 658 万 ≤ 2000 万,
sh560790,软件ETF鹏华,0.825,2948121,illiquid,当日成交额 295 万 ≤ 2000 万,
sh560780,半导体设备ETF广发,1.054,607876019,dedup,同主题「半导体设备」，代表为 sz159516 半导体设备ETF国泰,半导体设备
sh560770,机器人ETF招商,0.936,14488159,illiquid,当日成交额 1449 万 ≤ 2000 万,
sh560750,A500ETF申万菱信,1.317,1843485,asset_class,A股宽基指数（名称含「A50」）,
sh560730,红利低波ETF国泰海通,1.042,826111,illiquid,当日成交额 83 万 ≤ 2000 万,
sh560720,红利低波100ETF工银,0.975,1469616,illiquid,当日成交额 147 万 ≤ 2000 万,
sh560710,船舶ETF富国,0.985,121224080,,,船舶
sh560700,央企红利ETF广发,1.227,6319407,illiquid,当日成交额 632 万 ≤ 2000 万,
sh560690,电信ETF鹏华,2.215,439271,illiquid,当日成交额 44 万 ≤ 2000 万,
sh560680,消费ETF广发,0.723,9096531,illiquid,当日成交额 910 万 ≤ 2000 万,
sh560670,银行ETF华泰柏瑞,1.082,9648502,illiquid,当日成交额 965 万 ≤ 2000 万,
sh560660,云计算50ETF新华,1.094,5408113,illiquid,当日成交额 541 万 ≤ 2000 万,
sh560630,机器人ETF万家,1.063,5311947,illiquid,当日成交额 531 万 ≤ 2000 万,
sh560620,公用事业ETF万家,0.947,336624,illiquid,当日成交额 34 万 ≤ 2000 万,
sh560610,A500ETF招商,1.177,107375950,asset_class,A股宽基指数（名称含「A50」）,
sh560590,中证1000增强ETF鹏华,1.486,2258375,asset_class,A股宽基指数（名称含「中证1000」）,
sh560580,电力ETF南方,1.093,5293723,illiquid,当日成交额 529 万 ≤ 2000 万,
sh560570,A500红利ETF国联安,0.996,14515063,asset_class,A股宽基指数（名称含「A50」）,
sh560560,碳中和ETF泰康,0.629,114848,illiquid,当日成交额 11 万 ≤ 2000 万,
sh560550,碳中和ETF广发,0.909,870309,illiquid,当日成交额 87 万 ≤ 2000 万,
sh560530,中证A500ETF摩根,1.206,465301336,asset_class,A股宽基指数（名称含「中证A500」）,
sh560520,红利低波100ETF大成,1.086,347496,illiquid,当日成交额 35 万 ≤ 2000 万,
sh560510,中证A500ETF泰康,1.178,26656763,asset_class,A股宽基指数（名称含「中证A500」）,
sh560500,500质量成长ETF鹏扬,1.394,3232581,illiquid,当日成交额 323 万 ≤ 2000 万,
sh560490,工业有色ETF华泰柏瑞,0.926,5175947,illiquid,当日成交额 518 万 ≤ 2000 万,
sh560480,电力ETF招商,0.889,2407028,illiquid,当日成交额 241 万 ≤ 2000 万,
sh560470,有色ETF易方达,0.863,5240029,illiquid,当日成交额 524 万 ≤ 2000 万,
sh560460,电力ETF平安,0.896,1944952,illiquid,当日成交额 194 万 ≤ 2000 万,
sh560450,电力ETF天弘,0.932,9325543,illiquid,当日成交额 933 万 ≤ 2000 万,
sh560420,食品ETF前海开源,0.942,2261281,illiquid,当日成交额 226 万 ≤ 2000 万,
sh560410,电池ETF鹏华,0.783,1233518,illiquid,当日成交额 123 万 ≤ 2000 万,
sh560400,证券ETF华泰柏瑞,0.97,27122034,illiquid,20 日均额 2524 万 ≤ 3000 万,
sh560390,电网设备ETF易方达,0.87,77763063,dedup,同主题「电网设备」，代表为 sz159326 电网设备ETF华夏,电网设备
sh560380,A100ETF南方,1.244,5281167,asset_class,A股宽基指数（名称含「A100」）,
sh560370,红利质量ETF易方达,0.886,2979951,illiquid,当日成交额 298 万 ≤ 2000 万,
sh560360,软件ETF万家,1.225,4994559,illiquid,当日成交额 499 万 ≤ 2000 万,
sh560350,中证A50ETF摩根,1.236,30847890,asset_class,A股宽基指数（名称含「中证A50」）,
sh560330,沪深300价值ETF申万菱信,1.236,349194,asset_class,A股宽基指数（名称含「沪深300」）,
sh560320,食品ETF富国,0.946,7042483,illiquid,当日成交额 704 万 ≤ 2000 万,
sh560310,光伏ETF博时,0.739,1202776,illiquid,当日成交额 120 万 ≤ 2000 万,
sh560300,电信ETF汇添富,2.31,1543061,illiquid,当日成交额 154 万 ≤ 2000 万,
sh560290,有色ETF景顺,0.787,4683573,illiquid,当日成交额 468 万 ≤ 2000 万,
sh560280,工程机械ETF广发,1.441,48037518,,,工程机械
sh560270,电力ETF工银,0.937,6692250,illiquid,当日成交额 669 万 ≤ 2000 万,
sh560260,医疗ETF广发,0.884,13423274,illiquid,当日成交额 1342 万 ≤ 2000 万,
sh560250,红利质量ETF富国,0.977,877943,illiquid,当日成交额 88 万 ≤ 2000 万,
sh560230,光伏ETF富国,0.733,1488893,illiquid,当日成交额 149 万 ≤ 2000 万,
sh560220,中证2000ETF广发,1.485,5418505,asset_class,A股宽基指数（名称含「中证2000」）,
sh560210,农牧渔ETF景顺,0.843,6017604,illiquid,当日成交额 602 万 ≤ 2000 万,
sh560190,公用事业ETF鹏华,1.01,470824,illiquid,当日成交额 47 万 ≤ 2000 万,
sh560180,沪深300ESGETF南方,1.176,978020,asset_class,A股宽基指数（名称含「沪深300」）,
sh560170,央企科技ETF南方,1.259,35254103,not_carrier,按所有制在科技股中二次筛选，聚合逻辑是股东属性不是产业环节,
sh560160,食品ETF易方达,0.935,1042790,illiquid,当日成交额 104 万 ≤ 2000 万,
sh560150,红利低波ETF泰康,1.134,5619413,illiquid,当日成交额 562 万 ≤ 2000 万,
sh560130,食品ETF鹏华,0.928,288933,illiquid,当日成交额 29 万 ≤ 2000 万,
sh560120,中证500现金流ETF华夏,1.192,13394536,asset_class,货币/理财（名称含「现金」）,
sh560110,中证1000ETF汇添富,1.17,15603396,asset_class,A股宽基指数（名称含「中证1000」）,
sh560100,中证500增强ETF南方,1.346,8736190,asset_class,A股宽基指数（名称含「中证500」）,
sh560090,证券ETF汇添富,1.15,68635703,dedup,同主题「券商」，代表为 sh512880 证券ETF国泰,券商
sh560080,中药ETF汇添富,0.945,32788740,,,中药
sh560070,央企红利ETF汇添富,1.196,1634609,illiquid,当日成交额 163 万 ≤ 2000 万,
sh560060,碳中和ETF汇添富,0.869,87016,illiquid,当日成交额 9 万 ≤ 2000 万,
sh560050,中国A50ETF汇添富,1.081,68191656,asset_class,A股宽基指数（名称含「A50」）,
sh560030,800价值ETF汇添富,1.299,63611,illiquid,当日成交额 6 万 ≤ 2000 万,
sh560020,红利ETF汇添富,1.116,1419184,illiquid,当日成交额 142 万 ≤ 2000 万,
sh560010,中证1000ETF广发,3.231,819095186,asset_class,A股宽基指数（名称含「中证1000」）,
sh551900,科创债ETF招商,102.079,3010310045,asset_class,债券（名称含「债」）,
sh551800,科创债ETF国泰,101.387,6986654212,asset_class,债券（名称含「债」）,
sh551580,科创债ETF泰康,102.487,2006743349,asset_class,债券（名称含「债」）,
sh551560,科创债ETF兴业,102.253,3954585079,asset_class,债券（名称含「债」）,
sh551550,科创债ETF华夏,102.053,10023614641,asset_class,债券（名称含「债」）,
sh551520,科创债ETF汇添富,102.383,14544225693,asset_class,债券（名称含「债」）,
sh551510,科创债ETF华泰柏瑞,102.674,5784739935,asset_class,债券（名称含「债」）,
sh551500,科创债ETF易方达,102.523,5855068454,asset_class,债券（名称含「债」）,
sh551300,科创债ETF摩根,102.483,1445871386,asset_class,债券（名称含「债」）,
sh551060,科创债ETF中银,102.212,4122900174,asset_class,债券（名称含「债」）,
sh551030,科创债ETF鹏华,102.212,7391791329,asset_class,债券（名称含「债」）,
sh551000,科创债ETF博时,102.274,528793193,asset_class,债券（名称含「债」）,
sh530880,红利国企ETF银河,1.106,1997502,illiquid,当日成交额 200 万 ≤ 2000 万,
sh530800,上证180ETF银华,1.198,1249695,asset_class,A股宽基指数（名称含「上证180」）,
sh530680,上证180ETF兴业,1.166,813393,asset_class,A股宽基指数（名称含「上证180」）,
sh530580,上证180ETF南方,1.166,2091360,asset_class,A股宽基指数（名称含「上证180」）,
sh530530,上证580ETF华夏,1.174,269481,illiquid,当日成交额 27 万 ≤ 2000 万,
sh530380,上证380ETF易方达,1.112,1577720,asset_class,A股宽基指数（名称含「上证380」）,
sh530300,上证180ETF华泰柏瑞,1.232,2373949,asset_class,A股宽基指数（名称含「上证180」）,
sh530280,上证180ETF平安,1.199,218158,asset_class,A股宽基指数（名称含「上证180」）,
sh530180,上证180ETF易方达,1.198,5520125,asset_class,A股宽基指数（名称含「上证180」）,
sh530100,上证580ETF易方达,1.181,502539,illiquid,当日成交额 50 万 ≤ 2000 万,
sh530080,上证180ETF天弘,1.228,2850860,asset_class,A股宽基指数（名称含「上证180」）,
sh530060,上证指数ETF易方达,1.005,51595391,asset_class,A股宽基指数（名称含「上证指数」）,
sh530050,上证50ETF东财,1.189,4950876,asset_class,A股宽基指数（名称含「上证50」）,
sh530000,上证50ETF天弘,1.384,1787225,asset_class,A股宽基指数（名称含「上证50」）,
sh526070,恒指港股通ETF博时,0.977,2677978,illiquid,当日成交额 268 万 ≤ 2000 万,
sh526060,港股通信息技术ETF华泰柏瑞,1.0,32019632,fetch_failed,抓取失败或样本不足 70 天,
sh526050,港股通信息技术ETF招商,1.091,21682831,illiquid,20 日均额 2812 万 ≤ 3000 万,
sh526030,港股通信息技术ETF汇添富,0.885,57611146,fetch_failed,抓取失败或样本不足 70 天,
sh526010,港股通医疗ETF汇添富,1.074,18563074,illiquid,当日成交额 1856 万 ≤ 2000 万,
sh526000,港股通信息技术ETF华夏,1.209,442220268,dedup,同主题「信息技术·港股」，代表为 sz159131 港股通信息技术ETF华宝,信息技术·港股
sh520990,港股央企红利ETF景顺,0.98,32330174,not_carrier,按所有制+股息率双重筛选，成分跨行业，驱动力是政策与资金再配置,
sh520980,港股通科技ETF汇添富,0.846,237199859,dedup,同主题「科技·港股」，代表为 sh513980 港股科技ETF景顺,科技·港股
sh520970,港股通创新药ETF嘉实,0.943,127815292,dedup,同主题「医药·港股」，代表为 sh520510 港股通医疗ETF华夏,医药·港股
sh520960,恒指港股通ETF嘉实,0.899,1971089,illiquid,当日成交额 197 万 ≤ 2000 万,
sh520950,港股通50ETF摩根,0.84,17500271,asset_class,海外/地域宽基（名称含「港股通50」）,
sh520940,港股通恒生ETF华安,0.991,6167841,asset_class,海外/地域宽基（名称含「恒生ETF」）,
sh520930,恒生生物科技ETF国泰,1.018,27880840,illiquid,20 日均额 1424 万 ≤ 3000 万,
sh520920,恒生科技ETF天弘,0.652,181690372,asset_class,海外/地域宽基（名称含「恒生科技」）,
sh520910,港股通互联网ETF华夏,0.607,27886718,illiquid,20 日均额 2541 万 ≤ 3000 万,
sh520900,港股通红利ETF广发,0.992,37284788,not_carrier,按股息率/波动率选股，成分跨行业，驱动力是利率与risk-off而非产业变化,
sh520890,港股通红利低波ETF华泰柏瑞,1.31,36433005,illiquid,20 日均额 1687 万 ≤ 3000 万,
sh520880,港股通创新药ETF华宝,0.466,364912354,dedup,同主题「医药·港股」，代表为 sh520510 港股通医疗ETF华夏,医药·港股
sh520870,巴西ETF易方达,1.167,45537161,asset_class,海外/地域宽基（名称含「巴西」）,
sh520860,港股通科技ETF富国,0.769,13014876,illiquid,当日成交额 1301 万 ≤ 2000 万,
sh520850,港股通医疗ETF易方达,0.938,34828133,illiquid,20 日均额 2935 万 ≤ 3000 万,
sh520840,港股通恒生科技ETF华安,0.745,46990442,asset_class,海外/地域宽基（名称含「恒生科技」）,
sh520830,沙特ETF华泰柏瑞,0.875,20527912,asset_class,海外/地域宽基（名称含「沙特」）,
sh520820,恒指港股通ETF汇添富,0.915,371262,illiquid,当日成交额 37 万 ≤ 2000 万,
sh520810,港股通红利ETF易方达,1.006,2284947,illiquid,当日成交额 228 万 ≤ 2000 万,
sh520790,港股通互联网ETF兴业,0.789,7507904,illiquid,当日成交额 751 万 ≤ 2000 万,
sh520780,港股通汽车ETF华宝,0.755,9830109,illiquid,当日成交额 983 万 ≤ 2000 万,
sh520770,恒指港股通ETF建信,0.927,799300,illiquid,当日成交额 80 万 ≤ 2000 万,
sh520760,恒生生物科技ETF摩根,1.02,9263871,illiquid,当日成交额 926 万 ≤ 2000 万,
sh520750,港股通信息ETF华富,0.914,19055458,illiquid,当日成交额 1906 万 ≤ 2000 万,
sh520740,港股通互联网ETF华安,0.879,2011574,illiquid,当日成交额 201 万 ≤ 2000 万,
sh520730,港股通汽车ETF万家,0.706,1472760,illiquid,当日成交额 147 万 ≤ 2000 万,
sh520720,港股汽车ETF国泰,0.687,22022367,illiquid,20 日均额 1522 万 ≤ 3000 万,
sh520710,港股通信息技术ETF广发,0.922,39418803,illiquid,20 日均额 2769 万 ≤ 3000 万,
sh520700,港股通创新药ETF万家,1.69,528702015,dedup,同主题「医药·港股」，代表为 sh520510 港股通医疗ETF华夏,医药·港股
sh520690,港股创新药ETF博时,0.755,105374683,dedup,同主题「医药·港股」，代表为 sh520510 港股通医疗ETF华夏,医药·港股
sh520680,港股通汽车ETF南方,0.75,6166474,illiquid,当日成交额 617 万 ≤ 2000 万,
sh520670,港股通科技ETF嘉实,0.755,18580089,illiquid,当日成交额 1858 万 ≤ 2000 万,
sh520660,港股通央企红利ETF南方,0.985,50842865,not_carrier,按所有制+股息率双重筛选，成分跨行业，驱动力是政策与资金再配置,
sh520650,港股通互联网ETF南方,0.571,95221409,dedup,同主题「互联网·港股」，代表为 sz159792 港股通互联网ETF富国,互联网·港股
sh520630,港股通互联网ETF广发,0.636,11936031,illiquid,当日成交额 1194 万 ≤ 2000 万,
sh520620,恒生消费ETF嘉实,0.754,6159729,illiquid,当日成交额 616 万 ≤ 2000 万,
sh520610,港股红利低波ETF银华,0.922,1817122,illiquid,当日成交额 182 万 ≤ 2000 万,
sh520600,港股通汽车ETF广发,0.936,120073765,dedup,同主题「汽车·港股」，代表为 sz159323 港股通汽车ETF华夏,汽车·港股
sh520590,恒生科技ETF鹏华,0.751,9434792,asset_class,海外/地域宽基（名称含「恒生科技」）,
sh520580,新兴亚洲ETF招商,0.924,4880523,illiquid,当日成交额 488 万 ≤ 2000 万,
sh520570,恒生科技ETF南方,0.704,128809974,asset_class,海外/地域宽基（名称含「恒生科技」）,
sh520560,香港大盘30ETF华宝,0.809,2626984,illiquid,当日成交额 263 万 ≤ 2000 万,
sh520550,港股红利低波ETF招商,1.077,41404043,not_carrier,按股息率/波动率选股，成分跨行业，驱动力是利率与risk-off而非产业变化,
sh520530,港股通科技ETF东财,0.796,24959951,illiquid,20 日均额 1537 万 ≤ 3000 万,
sh520520,恒生消费ETF华泰柏瑞,0.881,4298281,illiquid,当日成交额 430 万 ≤ 2000 万,
sh520510,港股通医疗ETF华夏,0.988,423352579,,,医药·港股
sh520500,恒生创新药ETF华泰柏瑞,1.43,1422826130,dedup,同主题「医药·港股」，代表为 sh520510 港股通医疗ETF华夏,医药·港股
sh518890,上海金ETF中银,8.88,38902099,asset_class,商品（名称含「金ETF」）,
sh518880,黄金ETF华安,8.859,5196451929,asset_class,商品（名称含「黄金」）,
sh518860,上海金ETF建信,8.888,160514491,asset_class,商品（名称含「金ETF」）,
sh518850,黄金ETF华夏,8.954,489191985,asset_class,商品（名称含「黄金」）,
sh518800,黄金ETF国泰,9.29,824272813,asset_class,商品（名称含「黄金」）,
sh518680,金ETF富国,9.284,267183605,asset_class,商品（名称含「金ETF」）,
sh518660,黄金ETF工银,8.892,209102664,asset_class,商品（名称含「黄金」）,
sh518600,金ETF广发,9.23,272072577,asset_class,商品（名称含「金ETF」）,
sh517990,沪港深医药ETF招商,0.922,2245015,illiquid,当日成交额 225 万 ≤ 2000 万,
sh517950,沪深港科技50ETF交银,1.181,6884204,illiquid,当日成交额 688 万 ≤ 2000 万,
sh517900,银行AH优选ETF招商,1.572,22798192,not_carrier,按 A/H 折价择优切换，驱动力是两地估值套利，不是产业变化,
sh517880,品牌消费ETF华泰柏瑞,0.712,6356985,illiquid,当日成交额 636 万 ≤ 2000 万,
sh517850,张江ETF汇添富,1.278,259319,illiquid,当日成交额 26 万 ≤ 2000 万,
sh517800,人工智能50ETF方正富邦,1.007,9175264,illiquid,当日成交额 918 万 ≤ 2000 万,
sh517770,游戏传媒ETF浦银,0.869,12409829,illiquid,当日成交额 1241 万 ≤ 2000 万,
sh517660,物联网ETF天弘,1.264,678744,illiquid,当日成交额 68 万 ≤ 2000 万,
sh517550,沪港深消费龙头ETF招商,0.637,4435708,illiquid,当日成交额 444 万 ≤ 2000 万,
sh517520,黄金股ETF永赢,2.007,492381970,asset_class,商品（名称含「黄金」）,
sh517400,黄金股ETF国泰,1.582,81767828,asset_class,商品（名称含「黄金」）,
sh517390,云计算ETF天弘,1.927,7698238,illiquid,当日成交额 770 万 ≤ 2000 万,
sh517380,创新药ETF天弘,0.897,101523392,dedup,同主题「医药·A股」，代表为 sz159992 创新药ETF银华,医药·A股
sh517360,沪港深科技ETF华安,0.937,50606,illiquid,当日成交额 5 万 ≤ 2000 万,
sh517350,沪港深科技ETF广发,0.925,987439,illiquid,当日成交额 99 万 ≤ 2000 万,
sh517330,长江保护ETF易方达,0.961,1175770,illiquid,当日成交额 118 万 ≤ 2000 万,
sh517300,沪港深300ETF国寿,0.942,1764131,illiquid,当日成交额 176 万 ≤ 2000 万,
sh517230,云计算ETF永赢,0.975,15725009,illiquid,当日成交额 1573 万 ≤ 2000 万,
sh517200,互联网ETF嘉实,0.57,2522155,illiquid,当日成交额 252 万 ≤ 2000 万,
sh517180,中国国企ETF南方,1.489,8057332,illiquid,当日成交额 806 万 ≤ 2000 万,
sh517170,沪港深500ETF华夏,0.992,1608602,illiquid,当日成交额 161 万 ≤ 2000 万,
sh517160,长江保护ETF南方,0.951,2195,illiquid,当日成交额 0 万 ≤ 2000 万,
sh517130,云计算ETF嘉实,0.953,9346596,illiquid,当日成交额 935 万 ≤ 2000 万,
sh517120,创新药ETF华泰柏瑞,0.782,19207020,illiquid,当日成交额 1921 万 ≤ 2000 万,
sh517110,创新药ETF国泰,0.815,43264254,dedup,同主题「医药·A股」，代表为 sz159992 创新药ETF银华,医药·A股
sh517100,沪港深500ETF富国,1.002,500688,illiquid,当日成交额 50 万 ≤ 2000 万,
sh517090,央企共赢ETF国泰,1.576,2430634,illiquid,当日成交额 243 万 ≤ 2000 万,
sh517080,沪港深500ETF汇添富,0.986,873963,illiquid,当日成交额 87 万 ≤ 2000 万,
sh517050,互联网ETF华泰柏瑞,0.648,894254,illiquid,当日成交额 89 万 ≤ 2000 万,
sh517030,沪港深300ETF易方达,1.125,956666,illiquid,当日成交额 96 万 ≤ 2000 万,
sh517010,沪港深500ETF易方达,1.106,1452491,illiquid,当日成交额 145 万 ≤ 2000 万,
sh517000,沪港深500ETF银华,0.996,156921,illiquid,当日成交额 16 万 ≤ 2000 万,
sh516980,证券先锋ETF华富,1.051,1150297,illiquid,当日成交额 115 万 ≤ 2000 万,
sh516970,基建ETF广发,1.096,22144769,illiquid,20 日均额 2942 万 ≤ 3000 万,
sh516960,机械ETF国泰,0.821,609476,illiquid,当日成交额 61 万 ≤ 2000 万,
sh516950,基建ETF银华,1.009,5879123,illiquid,当日成交额 588 万 ≤ 2000 万,
sh516930,生物科技ETF民生加银,0.51,936174,illiquid,当日成交额 94 万 ≤ 2000 万,
sh516920,芯片ETF汇添富,1.419,37930018,dedup,同主题「半导体」，代表为 sh513310 中韩半导体ETF华泰柏瑞,半导体
sh516910,物流ETF富国,1.199,21951638,illiquid,20 日均额 1853 万 ≤ 3000 万,
sh516900,食品饮料ETF华安,0.487,2830417,illiquid,当日成交额 283 万 ≤ 2000 万,
sh516890,新材料ETF平安,0.763,263063,illiquid,当日成交额 26 万 ≤ 2000 万,
sh516880,光伏ETF银华,0.696,14786653,illiquid,当日成交额 1479 万 ≤ 2000 万,
sh516860,金融科技ETF博时,1.064,64942644,dedup,同主题「金融科技」，代表为 sz159851 金融科技ETF华宝,金融科技
sh516850,新能源ETF华夏,0.86,7960288,illiquid,当日成交额 796 万 ≤ 2000 万,
sh516840,汽车ETF南方,0.733,9307764,illiquid,当日成交额 931 万 ≤ 2000 万,
sh516830,沪深300ESGETF富国,1.016,7023604,asset_class,A股宽基指数（名称含「沪深300」）,
sh516820,医疗创新ETF平安,0.35,24196539,illiquid,20 日均额 2417 万 ≤ 3000 万,
sh516810,农业ETF华夏,0.759,68412590,dedup,同主题「农业」，代表为 sz159698 粮食ETF鹏华,农业
sh516800,智能制造ETF华宝,0.976,9426548,illiquid,当日成交额 943 万 ≤ 2000 万,
sh516790,医疗ETF华泰柏瑞,0.519,3170430,illiquid,当日成交额 317 万 ≤ 2000 万,
sh516780,稀土ETF华泰柏瑞,0.819,60248275,dedup,同主题「稀土」，代表为 sh562800 稀有金属ETF嘉实,稀土
sh516770,游戏ETF华泰柏瑞,1.155,22775392,illiquid,20 日均额 2784 万 ≤ 3000 万,
sh516760,养殖ETF平安,0.58,2959318,illiquid,当日成交额 296 万 ≤ 2000 万,
sh516750,建材ETF富国,0.574,7774169,illiquid,当日成交额 777 万 ≤ 2000 万,
sh516730,证券ETF浦银,0.969,1331218,illiquid,当日成交额 133 万 ≤ 2000 万,
sh516720,ESGETF浦银,1.139,72837,illiquid,当日成交额 7 万 ≤ 2000 万,
sh516710,新材料ETF华夏,0.737,4171064,illiquid,当日成交额 417 万 ≤ 2000 万,
sh516700,大数据产业ETF,0.897,13567502,illiquid,当日成交额 1357 万 ≤ 2000 万,
sh516670,畜牧养殖ETF招商,0.608,35905669,dedup,同主题「养殖」，代表为 sz159865 养殖ETF国泰,养殖
sh516660,新能源车ETF华安,0.918,1115458,illiquid,当日成交额 112 万 ≤ 2000 万,
sh516650,有色金属ETF华夏,1.764,149691850,dedup,同主题「有色金属」，代表为 sh512400 有色金属ETF南方,有色金属
sh516640,芯片ETF富国,1.461,125534385,dedup,同主题「半导体」，代表为 sh513310 中韩半导体ETF华泰柏瑞,半导体
sh516630,云计算ETF华夏,1.642,40495965,dedup,同主题「云计算」，代表为 sh516510 云计算ETF易方达,云计算
sh516620,影视ETF国泰,0.887,45212038,,,影视
sh516610,医疗设备ETF大成,0.432,2431508,illiquid,当日成交额 243 万 ≤ 2000 万,
sh516600,消费服务ETF工银,0.609,1259532,illiquid,当日成交额 126 万 ≤ 2000 万,
sh516590,智能汽车ETF易方达,1.029,2068065,illiquid,当日成交额 207 万 ≤ 2000 万,
sh516580,新能源ETF博时,0.549,3369723,illiquid,当日成交额 337 万 ≤ 2000 万,
sh516570,石化ETF易方达,0.994,24430256,dedup,同主题「石油石化」，代表为 sh561360 石油ETF国泰,石油石化
sh516560,养老ETF华宝,0.755,3604407,illiquid,当日成交额 360 万 ≤ 2000 万,
sh516550,农业ETF嘉实,0.69,7059777,illiquid,当日成交额 706 万 ≤ 2000 万,
sh516530,物流ETF银华,1.031,976117,illiquid,当日成交额 98 万 ≤ 2000 万,
sh516520,智能驾驶ETF华泰柏瑞,1.054,32852026,illiquid,20 日均额 2246 万 ≤ 3000 万,
sh516510,云计算ETF易方达,1.684,270650586,,,云计算
sh516500,生物科技ETF华夏,0.657,9275167,illiquid,当日成交额 928 万 ≤ 2000 万,
sh516460,现金流ETF800鹏华,1.194,2358099,asset_class,货币/理财（名称含「现金」）,
sh516440,工程机械ETF南方,0.899,5756912,illiquid,当日成交额 576 万 ≤ 2000 万,
sh516390,新能源车ETF汇添富,0.807,2292542,illiquid,当日成交额 229 万 ≤ 2000 万,
sh516380,智能电动车ETF华宝,0.817,1064444,illiquid,当日成交额 106 万 ≤ 2000 万,
sh516370,电力ETF汇添富,0.912,6110729,illiquid,当日成交额 611 万 ≤ 2000 万,
sh516360,新材料ETF华宝,1.01,1946124,illiquid,当日成交额 195 万 ≤ 2000 万,
sh516350,芯片ETF易方达,1.653,137805180,dedup,同主题「半导体」，代表为 sh513310 中韩半导体ETF华泰柏瑞,半导体
sh516330,物联网ETF华泰柏瑞,1.574,25851,illiquid,当日成交额 3 万 ≤ 2000 万,
sh516320,高端装备ETF华夏,0.881,1943306,illiquid,当日成交额 194 万 ≤ 2000 万,
sh516310,银行ETF易方达,1.39,94277730,dedup,同主题「银行」，代表为 sh512800 银行ETF华宝,银行
sh516300,中证1000ETF华泰柏瑞,3.272,11555632,asset_class,A股宽基指数（名称含「中证1000」）,
sh516290,光伏ETF汇添富,0.507,7994975,illiquid,当日成交额 799 万 ≤ 2000 万,
sh516270,新能源ETF华安,0.539,5755702,illiquid,当日成交额 576 万 ≤ 2000 万,
sh516260,物联网ETF华夏,1.363,1688403,illiquid,当日成交额 169 万 ≤ 2000 万,
sh516250,工程机械ETF富国,0.899,3375219,illiquid,当日成交额 338 万 ≤ 2000 万,
sh516230,光伏ETF招商,0.755,7052597,illiquid,当日成交额 705 万 ≤ 2000 万,
sh516220,化工ETF国泰,0.866,7397019,illiquid,当日成交额 740 万 ≤ 2000 万,
sh516210,银行ETF华安,1.429,14160027,illiquid,当日成交额 1416 万 ≤ 2000 万,
sh516200,证券ETF华安,1.023,15866532,illiquid,当日成交额 1587 万 ≤ 2000 万,
sh516190,传媒ETF华夏,1.012,23165864,illiquid,20 日均额 1451 万 ≤ 3000 万,
sh516180,光伏ETF平安,0.676,5220206,illiquid,当日成交额 522 万 ≤ 2000 万,
sh516160,新能源ETF南方,2.334,178505132,,,新能源
sh516150,稀土ETF嘉实,1.673,119945856,dedup,同主题「稀土」，代表为 sh562800 稀有金属ETF嘉实,稀土
sh516130,消费龙头ETF华宝,0.668,6372150,illiquid,当日成交额 637 万 ≤ 2000 万,
sh516120,化工ETF富国,0.846,121391061,dedup,同主题「化工」，代表为 sz159870 化工ETF鹏华,化工
sh516110,汽车ETF国泰,1.085,14163996,illiquid,当日成交额 1416 万 ≤ 2000 万,
sh516100,金融科技ETF华夏,1.035,37591488,dedup,同主题「金融科技」，代表为 sz159851 金融科技ETF华宝,金融科技
sh516090,新能源ETF易方达,0.464,26494087,dedup,同主题「新能源」，代表为 sh516160 新能源ETF南方,新能源
sh516080,创新药ETF易方达,0.693,173224275,dedup,同主题「医药·A股」，代表为 sz159992 创新药ETF银华,医药·A股
sh516070,低碳ETF易方达,0.545,2834968,illiquid,当日成交额 283 万 ≤ 2000 万,
sh516060,创新药ETF工银,0.606,9024998,illiquid,当日成交额 902 万 ≤ 2000 万,
sh516050,科技龙头ETF工银,1.403,6346076,illiquid,当日成交额 635 万 ≤ 2000 万,
sh516040,300现金流ETF华夏,0.996,6769772,asset_class,货币/理财（名称含「现金」）,
sh516020,化工ETF华宝,0.827,85143642,dedup,同主题「化工」，代表为 sz159870 化工ETF鹏华,化工
sh516010,游戏ETF国泰,1.089,89749716,dedup,同主题「游戏」，代表为 sz159869 游戏ETF华夏,游戏
sh516000,大数据ETF华夏,0.946,32887157,dedup,同主题「大数据」，代表为 sh515400 大数据ETF富国,大数据
sh515990,一带一路ETF汇添富,1.518,4184177,illiquid,当日成交额 418 万 ≤ 2000 万,
sh515980,人工智能ETF华富,1.038,185458401,dedup,同主题「人工智能」，代表为 sz159819 人工智能ETF易方达,人工智能
sh515970,工程机械ETF华夏,0.805,52963414,dedup,同主题「工程机械」，代表为 sh560280 工程机械ETF广发,工程机械
sh515960,医药ETF嘉实,0.837,4308196,illiquid,当日成交额 431 万 ≤ 2000 万,
sh515950,医药50ETF富国,0.949,12402141,illiquid,当日成交额 1240 万 ≤ 2000 万,
sh515940,电网设备ETF南方,1.03,19300778,illiquid,当日成交额 1930 万 ≤ 2000 万,
sh515920,智能消费ETF博时,1.209,1782434,illiquid,当日成交额 178 万 ≤ 2000 万,
sh515910,质量ETF中金,0.68,6721005,illiquid,当日成交额 672 万 ≤ 2000 万,
sh515900,央企创新ETF博时,1.654,6622379,illiquid,当日成交额 662 万 ≤ 2000 万,
sh515890,红利ETF博时,1.468,5781175,illiquid,当日成交额 578 万 ≤ 2000 万,
sh515880,通信ETF国泰,0.707,3224549621,,,通信
sh515860,科技ETF嘉实,2.139,7327890,illiquid,当日成交额 733 万 ≤ 2000 万,
sh515850,证券ETF富国,1.335,61348864,dedup,同主题「券商」，代表为 sh512880 证券ETF国泰,券商
sh515840,食品ETF南方,1.04,2854131,illiquid,当日成交额 285 万 ≤ 2000 万,
sh515810,中证800ETF易方达,1.702,4404669,asset_class,A股宽基指数（名称含「中证800」）,
sh515800,中证800ETF汇添富,1.276,85597316,asset_class,A股宽基指数（名称含「中证800」）,
sh515790,光伏ETF华泰柏瑞,0.817,125076706,,,光伏
sh515770,MSCI中国A股ETF摩根,1.399,15710,asset_class,A股宽基指数（名称含「MSCI」）,
sh515760,浙江国资ETF华夏,1.358,2866535,illiquid,当日成交额 287 万 ≤ 2000 万,
sh515750,科技50ETF富国,2.037,7843288,illiquid,当日成交额 784 万 ≤ 2000 万,
sh515730,家居家电ETF永赢,0.846,2613216,illiquid,当日成交额 261 万 ≤ 2000 万,
sh515720,金融科技ETF富国,0.697,68584544,illiquid,20 日均额 1261 万 ≤ 3000 万,
sh515710,食品饮料ETF华宝,0.492,16808499,illiquid,当日成交额 1681 万 ≤ 2000 万,
sh515700,新能源车ETF平安,2.028,32329832,dedup,同主题「新能源车」，代表为 sh515030 新能源车ETF华夏,新能源车
sh515680,央企创新ETF嘉实,1.683,3415609,illiquid,当日成交额 342 万 ≤ 2000 万,
sh515660,沪深300ETF国联安,5.793,290410,asset_class,A股宽基指数（名称含「沪深300」）,
sh515650,消费50ETF富国,1.048,31066365,dedup,同主题「消费」，代表为 sz159928 消费ETF汇添富,消费
sh515640,家电ETF华夏,0.953,5005627,illiquid,当日成交额 501 万 ≤ 2000 万,
sh515630,证券保险ETF鹏华,1.259,29318555,dedup,同主题「非银金融」，代表为 sh512070 证券保险ETF易方达,非银金融
sh515600,央企创新ETF广发,1.676,1355370,illiquid,当日成交额 136 万 ≤ 2000 万,
sh515590,500等权ETF前海开源,1.911,1294152,illiquid,当日成交额 129 万 ≤ 2000 万,
sh515580,科技100ETF华泰柏瑞,1.379,3233826,illiquid,当日成交额 323 万 ≤ 2000 万,
sh515560,证券ETF建信,0.982,10748288,illiquid,当日成交额 1075 万 ≤ 2000 万,
sh515550,中证500ETF国联,1.76,1458106,asset_class,A股宽基指数（名称含「中证500」）,
sh515530,中证500ETF泰康,4.325,2591726,asset_class,A股宽基指数（名称含「中证500」）,
sh515480,红利低波100ETF南方,1.054,2075599,illiquid,当日成交额 208 万 ≤ 2000 万,
sh515460,红利质量ETF南方,0.902,9452896,illiquid,当日成交额 945 万 ≤ 2000 万,
sh515450,红利低波50ETF南方,1.391,141473204,not_carrier,按股息率/波动率选股，成分跨行业，驱动力是利率与risk-off而非产业变化,
sh515440,A股ETF南方,1.003,32583377,asset_class,A股宽基指数（名称含「A股ETF」）,
sh515400,大数据ETF富国,0.861,115622158,,,大数据
sh515390,沪深300ETF华安,1.348,197051737,asset_class,A股宽基指数（名称含「沪深300」）,
sh515380,沪深300ETF泰康,5.368,11829211,asset_class,A股宽基指数（名称含「沪深300」）,
sh515370,光伏ETF华夏,0.783,15638352,illiquid,当日成交额 1564 万 ≤ 2000 万,
sh515360,沪深300ETF方正富邦,6.725,116628,asset_class,A股宽基指数（名称含「沪深300」）,
sh515350,沪深300ETF民生加银,6.195,838196,asset_class,A股宽基指数（名称含「沪深300」）,
sh515330,沪深300ETF天弘,1.328,538091457,asset_class,A股宽基指数（名称含「沪深300」）,
sh515320,电子50ETF华安,1.547,10786654,illiquid,当日成交额 1079 万 ≤ 2000 万,
sh515310,沪深300ETF汇添富,1.372,18155181,asset_class,A股宽基指数（名称含「沪深300」）,
sh515300,300红利低波ETF嘉实,1.304,84050336,not_carrier,按股息率/波动率选股，成分跨行业，驱动力是利率与risk-off而非产业变化,
sh515290,银行ETF天弘,1.506,55806857,dedup,同主题「银行」，代表为 sh512800 银行ETF华宝,银行
sh515260,电子ETF华宝,0.854,56454573,dedup,同主题「电子」，代表为 sz159997 电子ETF天弘,电子
sh515250,智能汽车ETF富国,0.939,23023667,illiquid,20 日均额 1519 万 ≤ 3000 万,
sh515230,软件ETF国泰,0.694,191900343,dedup,同主题「软件」，代表为 sz159852 软件ETF嘉实,软件
sh515220,煤炭ETF国泰,1.292,861334333,,,煤炭
sh515210,钢铁ETF国泰,1.138,53466589,,,钢铁
sh515200,创新100ETF申万菱信,2.438,1743982,illiquid,当日成交额 174 万 ≤ 2000 万,
sh515190,中证500ETF中银证券,1.646,1928650,asset_class,A股宽基指数（名称含「中证500」）,
sh515180,红利ETF易方达,1.423,285484624,not_carrier,按股息率/波动率选股，成分跨行业，驱动力是利率与risk-off而非产业变化,
sh515170,食品饮料ETF华夏,0.461,48098004,,,食品饮料
sh515160,MSCI中国ETF招商,1.611,229196,asset_class,A股宽基指数（名称含「MSCI」）,
sh515150,一带一路ETF富国,1.548,3012705,illiquid,当日成交额 301 万 ≤ 2000 万,
sh515130,沪深300ETF博时,1.532,7145055,asset_class,A股宽基指数（名称含「沪深300」）,
sh515120,创新药ETF广发,0.65,423322364,dedup,同主题「医药·A股」，代表为 sz159992 创新药ETF银华,医药·A股
sh515110,一带一路ETF易方达,1.634,10385700,illiquid,当日成交额 1039 万 ≤ 2000 万,
sh515100,红利低波100ETF景顺,1.396,134993688,not_carrier,按股息率/波动率选股，成分跨行业，驱动力是利率与risk-off而非产业变化,
sh515090,可持续发展ETF博时,1.353,2013956,illiquid,当日成交额 201 万 ≤ 2000 万,
sh515080,中证红利ETF招商,1.556,449073485,not_carrier,按股息率/波动率选股，成分跨行业，驱动力是利率与risk-off而非产业变化,
sh515070,人工智能ETF华夏,1.144,158354650,dedup,同主题「人工智能」，代表为 sz159819 人工智能ETF易方达,人工智能
sh515060,房地产ETF华夏,0.62,59534064,dedup,同主题「房地产」，代表为 sh512200 房地产ETF南方,房地产
sh515050,通信ETF华夏,1.079,941674294,dedup,同主题「通信」，代表为 sh515880 通信ETF国泰,通信
sh515040,工业有色ETF华夏,1.021,2917148,illiquid,当日成交额 292 万 ≤ 2000 万,
sh515030,新能源车ETF华夏,1.514,123610190,,,新能源车
sh515020,银行ETF华夏,1.799,116150044,dedup,同主题「银行」，代表为 sh512800 银行ETF华宝,银行
sh515010,证券ETF华夏,1.232,49073942,dedup,同主题「券商」，代表为 sh512880 证券ETF国泰,券商
sh515000,科技ETF华宝,1.296,158170384,,,科技
sh513990,港股通ETF招商,1.101,10699335,illiquid,当日成交额 1070 万 ≤ 2000 万,
sh513980,港股科技ETF景顺,0.595,236679106,,,科技·港股
sh513970,恒生消费ETF景顺,0.761,37630738,illiquid,20 日均额 2396 万 ≤ 3000 万,
sh513950,恒生红利ETF富国,1.23,19264822,illiquid,当日成交额 1926 万 ≤ 2000 万,
sh513930,恒生生物科技ETF华泰柏瑞,1.095,76459064,dedup,同主题「医药·港股」，代表为 sh520510 港股通医疗ETF华夏,医药·港股
sh513920,港股通央企红利ETF华安,1.562,197231882,not_carrier,按所有制+股息率双重筛选，成分跨行业，驱动力是政策与资金再配置,
sh513910,港股通央企红利ETF华夏,1.573,104984507,not_carrier,按所有制+股息率双重筛选，成分跨行业，驱动力是政策与资金再配置,
sh513900,港股通100ETF华安,0.973,11539792,illiquid,当日成交额 1154 万 ≤ 2000 万,
sh513890,恒生科技ETF摩根,0.853,22898736,asset_class,海外/地域宽基（名称含「恒生科技」）,
sh513880,日经225ETF华安,2.151,181527538,asset_class,海外/地域宽基（名称含「日经」）,
sh513870,纳指ETF富国,2.14,128627269,asset_class,海外/地域宽基（名称含「纳指」）,
sh513860,港股通科技ETF海富通,0.596,154341406,dedup,同主题「科技·港股」，代表为 sh513980 港股科技ETF景顺,科技·港股
sh513850,美国50ETF易方达,1.912,212216293,asset_class,海外/地域宽基（名称含「美国」）,
sh513830,港股通高股息ETF嘉实,1.18,898679,illiquid,当日成交额 90 万 ≤ 2000 万,
sh513820,港股通红利ETF汇添富,1.219,74414213,not_carrier,按股息率/波动率选股，成分跨行业，驱动力是利率与risk-off而非产业变化,
sh513810,港股国企ETF华夏,1.735,14711963,illiquid,当日成交额 1471 万 ≤ 2000 万,
sh513800,日本东证指数ETF南方,1.904,42942056,asset_class,海外/地域宽基（名称含「东证」）,
sh513780,港股创新药ETF景顺,1.754,692428459,dedup,同主题「医药·港股」，代表为 sh520510 港股通医疗ETF华夏,医药·港股
sh513770,港股互联网ETF华宝,0.34,686374882,dedup,同主题「互联网·港股」，代表为 sz159792 港股通互联网ETF富国,互联网·港股
sh513750,港股通非银ETF广发,1.525,453292712,,,非银金融·港股
sh513730,东南亚科技ETF华泰柏瑞,1.091,22467792,asset_class,海外/地域宽基（名称含「东南亚」）,
sh513720,港股互联网ETF国泰,0.627,17103993,illiquid,当日成交额 1710 万 ≤ 2000 万,
sh513700,港股通医药ETF鹏华,0.656,101665125,dedup,同主题「医药·港股」，代表为 sh520510 港股通医疗ETF华夏,医药·港股
sh513690,港股红利ETF博时,1.12,131045641,not_carrier,按股息率/波动率选股，成分跨行业，驱动力是利率与risk-off而非产业变化,
sh513660,恒生ETF华夏,1.482,47663722,asset_class,海外/地域宽基（名称含「恒生ETF」）,
sh513650,标普500ETF南方,2.052,311882453,asset_class,海外/地域宽基（名称含「标普」）,
sh513630,港股低波红利ETF摩根,1.55,410399191,not_carrier,按股息率/波动率选股，成分跨行业，驱动力是利率与risk-off而非产业变化,
sh513620,港股医疗ETF银华,1.144,35560933,dedup,同主题「医药·港股」，代表为 sh520510 港股通医疗ETF华夏,医药·港股
sh513600,恒生指数ETF南方,2.728,67724250,asset_class,海外/地域宽基（名称含「恒生指数」）,
sh513590,港股通消费ETF鹏华,0.72,4014462,illiquid,当日成交额 401 万 ≤ 2000 万,
sh513580,恒生科技ETF华安,0.555,97940641,asset_class,海外/地域宽基（名称含「恒生科技」）,
sh513560,香港科技ETF兴银,1.105,34762298,illiquid,20 日均额 1999 万 ≤ 3000 万,
sh513550,港股通50ETF华泰柏瑞,1.109,24423448,asset_class,海外/地域宽基（名称含「港股通50」）,
sh513530,港股通红利ETF华泰柏瑞,1.558,390623063,not_carrier,按股息率/波动率选股，成分跨行业，驱动力是利率与risk-off而非产业变化,
sh513520,日经ETF华夏,2.306,222284069,asset_class,海外/地域宽基（名称含「日经」）,
sh513500,标普500ETF博时,2.727,530084452,asset_class,海外/地域宽基（名称含「标普」）,
sh513400,道琼斯ETF鹏华,1.327,308771673,asset_class,海外/地域宽基（名称含「道琼斯」）,
sh513390,纳指100ETF博时,2.518,139271437,asset_class,海外/地域宽基（名称含「纳指」）,
sh513380,恒生科技ETF广发,0.505,188074696,asset_class,海外/地域宽基（名称含「恒生科技」）,
sh513360,教育ETF博时,0.472,29703182,,,教育
sh513350,标普油气ETF富国,1.324,830098122,asset_class,海外/地域宽基（名称含「标普」）,
sh513330,恒生互联网ETF华夏,0.355,2232298783,dedup,同主题「互联网·港股」，代表为 sz159792 港股通互联网ETF富国,互联网·港股
sh513320,港股通新经济ETF易方达,1.053,7394658,illiquid,当日成交额 739 万 ≤ 2000 万,
sh513310,中韩半导体ETF华泰柏瑞,4.937,9355046518,,,半导体
sh513300,纳斯达克ETF华夏,2.792,750640000,asset_class,海外/地域宽基（名称含「纳斯达克」）,
sh513290,纳指生物科技ETF汇添富,1.761,179397830,asset_class,海外/地域宽基（名称含「纳指」）,
sh513280,恒生生物科技ETF汇添富,1.177,108360220,dedup,同主题「医药·港股」，代表为 sh520510 港股通医疗ETF华夏,医药·港股
sh513260,恒生科技ETF汇添富,1.07,236981877,asset_class,海外/地域宽基（名称含「恒生科技」）,
sh513240,港股通信息技术ETF华安,1.037,63854684,dedup,同主题「信息技术·港股」，代表为 sz159131 港股通信息技术ETF华宝,信息技术·港股
sh513230,港股通消费ETF华夏,0.804,15169544,illiquid,当日成交额 1517 万 ≤ 2000 万,
sh513220,中概互联ETF招商,0.909,33819584,asset_class,海外/地域宽基（名称含「中概」）,
sh513210,恒生ETF易方达,1.484,4128502,asset_class,海外/地域宽基（名称含「恒生ETF」）,
sh513200,港股通医药ETF易方达,1.107,173874539,dedup,同主题「医药·港股」，代表为 sh520510 港股通医疗ETF华夏,医药·港股
sh513190,港股通金融ETF华夏,1.855,391971677,,,金融·港股
sh513180,恒生科技ETF华夏,0.558,2389255601,asset_class,海外/地域宽基（名称含「恒生科技」）,
sh513170,恒生央企ETF鹏华,1.582,9129410,illiquid,当日成交额 913 万 ≤ 2000 万,
sh513160,港股科技ETF银华,0.94,236945602,dedup,同主题「科技·港股」，代表为 sh513980 港股科技ETF景顺,科技·港股
sh513150,港股通科技ETF华泰柏瑞,0.941,46060367,dedup,同主题「科技·港股」，代表为 sh513980 港股科技ETF景顺,科技·港股
sh513140,港股通金融ETF华泰柏瑞,1.733,38206817,dedup,同主题「金融·港股」，代表为 sh513190 港股通金融ETF华夏,金融·港股
sh513130,恒生科技ETF华泰柏瑞,0.549,2208321287,asset_class,海外/地域宽基（名称含「恒生科技」）,
sh513120,港股创新药ETF广发,1.357,7099511398,,,医药·港股
sh513110,纳指ETF华泰柏瑞,2.574,259145160,asset_class,海外/地域宽基（名称含「纳指」）,
sh513100,纳指ETF国泰,2.316,694168595,asset_class,海外/地域宽基（名称含「纳指」）,
sh513090,香港证券ETF易方达,1.814,2651792047,,,券商·港股
sh513080,法国ETF华安,1.741,39839874,asset_class,海外/地域宽基（名称含「法国」）,
sh513070,港股通消费ETF易方达,1.019,55840582,,,消费·港股
sh513060,恒生医疗ETF博时,0.592,474040347,dedup,同主题「医药·港股」，代表为 sh520510 港股通医疗ETF华夏,医药·港股
sh513050,中概互联网ETF易方达,1.05,3036755278,asset_class,海外/地域宽基（名称含「中概」）,
sh513040,港股通互联网ETF易方达,0.885,513692591,dedup,同主题「互联网·港股」，代表为 sz159792 港股通互联网ETF富国,互联网·港股
sh513030,德国ETF华安,1.834,63099946,asset_class,海外/地域宽基（名称含「德国」）,
sh513020,港股科技ETF国泰,0.929,126158156,dedup,同主题「科技·港股」，代表为 sh513980 港股科技ETF景顺,科技·港股
sh513010,恒生科技ETF易方达,0.575,825106031,asset_class,海外/地域宽基（名称含「恒生科技」）,
sh513000,日经225ETF易方达,2.305,127534212,asset_class,海外/地域宽基（名称含「日经」）,
sh512990,MSCIA股ETF华夏,2.029,2775657,asset_class,A股宽基指数（名称含「MSCI」）,
sh512980,传媒ETF广发,0.836,461202555,,,传媒
sh512970,大湾区ETF平安,1.486,245877,illiquid,当日成交额 25 万 ≤ 2000 万,
sh512960,央企结构调整ETF博时,1.467,5714252,illiquid,当日成交额 571 万 ≤ 2000 万,
sh512950,央企改革ETF华夏,1.515,8965995,illiquid,当日成交额 897 万 ≤ 2000 万,
sh512940,有色ETF华安,0.801,33426798,dedup,同主题「有色金属」，代表为 sh512400 有色金属ETF南方,有色金属
sh512930,AI人工智能ETF平安,0.641,139570840,dedup,同主题「人工智能」，代表为 sz159819 人工智能ETF易方达,人工智能
sh512910,A100ETF广发,1.302,6744519,asset_class,A股宽基指数（名称含「A100」）,
sh512900,证券ETF南方,1.059,64096429,dedup,同主题「券商」，代表为 sh512880 证券ETF国泰,券商
sh512890,红利低波ETF华泰柏瑞,1.187,766245407,not_carrier,按股息率/波动率选股，成分跨行业，驱动力是利率与risk-off而非产业变化,
sh512880,证券ETF国泰,1.069,1346019783,,,券商
sh512870,杭州湾区ETF南华,1.444,59484,illiquid,当日成交额 6 万 ≤ 2000 万,
sh512820,银行ETF汇添富,1.473,89522313,dedup,同主题「银行」，代表为 sh512800 银行ETF华宝,银行
sh512810,军工ETF华宝,0.677,28683515,dedup,同主题「军工」，代表为 sh512660 军工ETF国泰,军工
sh512800,银行ETF华宝,0.839,594514541,,,银行
sh512770,战略新兴ETF华夏,2.596,3639403,illiquid,当日成交额 364 万 ≤ 2000 万,
sh512760,芯片ETF国泰,1.112,494132568,dedup,同主题「半导体」，代表为 sh513310 中韩半导体ETF华泰柏瑞,半导体
sh512750,基本面50ETF嘉实,1.443,1610224,illiquid,当日成交额 161 万 ≤ 2000 万,
sh512740,汽车零部件ETF广发,0.997,29367068,fetch_failed,抓取失败或样本不足 70 天,
sh512730,银行ETF鹏华,1.718,3823739,illiquid,当日成交额 382 万 ≤ 2000 万,
sh512720,计算机ETF国泰,1.155,21263433,illiquid,20 日均额 2239 万 ≤ 3000 万,
sh512710,军工龙头ETF富国,0.642,205217935,dedup,同主题「军工」，代表为 sh512660 军工ETF国泰,军工
sh512700,银行ETF南方,1.501,90814391,dedup,同主题「银行」，代表为 sh512800 银行ETF华宝,银行
sh512690,酒ETF鹏华,0.415,300959760,,,白酒
sh512680,军工ETF广发,1.195,44689144,dedup,同主题「军工」，代表为 sh512660 军工ETF国泰,军工
sh512670,国防ETF鹏华,0.793,79193828,dedup,同主题「军工」，代表为 sh512660 军工ETF国泰,军工
sh512660,军工ETF国泰,1.168,240014016,,,军工
sh512650,长三角ETF汇添富,1.355,4114704,illiquid,当日成交额 411 万 ≤ 2000 万,
sh512640,金融地产ETF嘉实,2.408,5384206,illiquid,当日成交额 538 万 ≤ 2000 万,
sh512630,卫星ETF广发,1.116,83570623,dedup,同主题「卫星」，代表为 sz159206 卫星ETF永赢,卫星
sh512620,农业ETF天弘,0.895,8533341,illiquid,当日成交额 853 万 ≤ 2000 万,
sh512600,消费ETF嘉实,0.566,5850968,illiquid,当日成交额 585 万 ≤ 2000 万,
sh512580,环保ETF广发,1.128,4689252,illiquid,当日成交额 469 万 ≤ 2000 万,
sh512570,证券ETF易方达,1.076,124143373,dedup,同主题「券商」，代表为 sh512880 证券ETF国泰,券商
sh512560,军工ETF易方达,0.737,34615704,dedup,同主题「军工」，代表为 sh512660 军工ETF国泰,军工
sh512550,富时A50ETF嘉实,1.807,4144383,asset_class,A股宽基指数（名称含「富时」）,
sh512530,沪深300红利ETF建信,1.638,4901639,asset_class,A股宽基指数（名称含「沪深300」）,
sh512520,MSCI中国ETF华泰柏瑞,1.459,567245,asset_class,A股宽基指数（名称含「MSCI」）,
sh512510,中证500ETF华泰柏瑞,2.36,14337550,asset_class,A股宽基指数（名称含「中证500」）,
sh512500,中证500ETF华夏,4.447,420250456,asset_class,A股宽基指数（名称含「中证500」）,
sh512480,半导体ETF国联安,1.051,1339364700,dedup,同主题「半导体」，代表为 sh513310 中韩半导体ETF华泰柏瑞,半导体
sh512460,电池ETF华夏,0.789,14770181,illiquid,当日成交额 1477 万 ≤ 2000 万,
sh512450,畜牧养殖ETF广发,0.905,2363128,illiquid,当日成交额 236 万 ≤ 2000 万,
sh512430,家居家电ETF华泰柏瑞,0.904,1771386,illiquid,当日成交额 177 万 ≤ 2000 万,
sh512420,工程机械ETF华安,0.919,947416,illiquid,当日成交额 95 万 ≤ 2000 万,
sh512410,银行ETF广发,1.118,12128862,illiquid,当日成交额 1213 万 ≤ 2000 万,
sh512400,有色金属ETF南方,1.733,625209659,,,有色金属
sh512390,中国低波ETF平安,1.227,0,illiquid,当日成交额 0 万 ≤ 2000 万,
sh512380,MSCI中国ETF银华,1.598,651805,asset_class,A股宽基指数（名称含「MSCI」）,
sh512370,A500增强ETF华夏,1.202,5338871,asset_class,A股宽基指数（名称含「A50」）,
sh512360,MSCIA股ETF平安,1.784,559031,asset_class,A股宽基指数（名称含「MSCI」）,
sh512330,信息科技ETF南方,1.929,7640473,illiquid,当日成交额 764 万 ≤ 2000 万,
sh512290,生物医药ETF国泰,1.054,102299570,dedup,同主题「医药·A股」，代表为 sz159992 创新药ETF银华,医药·A股
sh512260,中证500低波动ETF华安,1.884,353515,asset_class,A股宽基指数（名称含「中证500」）,
sh512250,A50ETF招商,1.187,190978,asset_class,A股宽基指数（名称含「A50」）,
sh512240,A50ETF鹏华,1.127,3066966,asset_class,A股宽基指数（名称含「A50」）,
sh512220,TMTETF景顺,3.971,25910080,illiquid,20 日均额 2019 万 ≤ 3000 万,
sh512200,房地产ETF南方,1.288,292113245,,,房地产
sh512190,浙商之江凤凰ETF,2.863,1202568,illiquid,当日成交额 120 万 ≤ 2000 万,
sh512180,MSCIA股ETF建信,1.685,260676,asset_class,A股宽基指数（名称含「MSCI」）,
sh512170,医疗ETF华宝,0.348,492627744,dedup,同主题「医药·A股」，代表为 sz159992 创新药ETF银华,医药·A股
sh512160,MSCI中国A股ETF南方,1.523,1099695,asset_class,A股宽基指数（名称含「MSCI」）,
sh512150,富时A50ETF汇安,1.889,1288088,asset_class,A股宽基指数（名称含「富时」）,
sh512140,电力ETF华安,0.908,5420878,illiquid,当日成交额 542 万 ≤ 2000 万,
sh512130,全指现金流ETF鹏华,1.13,2542292,asset_class,货币/理财（名称含「现金」）,
sh512120,医药ETF华安,0.469,16399465,illiquid,当日成交额 1640 万 ≤ 2000 万,
sh512100,中证1000ETF南方,3.148,2419287473,asset_class,A股宽基指数（名称含「中证1000」）,
sh512090,MSCIA股ETF易方达,1.986,35495775,asset_class,A股宽基指数（名称含「MSCI」）,
sh512080,A500ETF中金,1.287,21833012,asset_class,A股宽基指数（名称含「A50」）,
sh512070,证券保险ETF易方达,0.791,281538459,,,非银金融
sh512060,A100ETF天弘,1.186,2520014,asset_class,A股宽基指数（名称含「A100」）,
sh512050,A500ETF华夏,1.201,1235466195,asset_class,A股宽基指数（名称含「A50」）,
sh512040,价值ETF富国,1.197,159863662,not_carrier,按估值/增长风格因子选股，成分跨行业,
sh512030,中证A50增强ETF易方达,1.086,1178445,asset_class,A股宽基指数（名称含「中证A50」）,
sh512020,A500ETF鹏华,1.28,55421795,asset_class,A股宽基指数（名称含「A50」）,
sh512010,医药ETF易方达,0.384,321693492,dedup,同主题「医药·A股」，代表为 sz159992 创新药ETF银华,医药·A股
sh512000,券商ETF华宝,0.511,698086213,dedup,同主题「券商」，代表为 sh512880 证券ETF国泰,券商
sh511990,华宝添益ETF,99.995,11058935064,asset_class,货币/理财（名称含「添益」）,
sh511980,货币ETF汇添富,100.304,120372,asset_class,货币/理财（名称含「货币」）,
sh511970,国寿货币ETF,100.018,300655,asset_class,货币/理财（名称含「货币」）,
sh511960,货币ETF嘉实,100.006,1440122,asset_class,货币/理财（名称含「货币」）,
sh511950,添利货币ETF广发,100.012,590055,asset_class,货币/理财（名称含「货币」）,
sh511930,货币ETF国联,100.004,200114,asset_class,货币/理财（名称含「货币」）,
sh511920,货币ETF广发,100.015,261115,asset_class,货币/理财（名称含「货币」）,
sh511910,融通货币ETF,100.013,340426,asset_class,货币/理财（名称含「货币」）,
sh511900,富国货币ETF,100.0,4061244,asset_class,货币/理财（名称含「货币」）,
sh511880,银华日利ETF,100.808,26637565771,asset_class,货币/理财（名称含「日利」）,
sh511860,货币ETF博时,100.003,5240677,asset_class,货币/理财（名称含「货币」）,
sh511850,招商财富宝ETF,100.005,53067248,not_carrier,货币型基金，规则层排除词未覆盖此产品名,
sh511830,货币ETF华泰柏瑞,100.006,260015,asset_class,货币/理财（名称含「货币」）,
sh511820,鹏华添利ETF,100.005,220008,illiquid,当日成交额 22 万 ≤ 2000 万,
sh511810,货币ETF南方,100.004,7425845,asset_class,货币/理财（名称含「货币」）,
sh511800,易方达货币ETF,100.007,8083442,asset_class,货币/理财（名称含「货币」）,
sh511770,金鹰增益货币ETF,100.024,2250659,asset_class,货币/理财（名称含「货币」）,
sh511700,货币ETF平安,100.005,97499659,asset_class,货币/理财（名称含「货币」）,
sh511690,交易货币ETF大成,100.0,7537864,asset_class,货币/理财（名称含「货币」）,
sh511670,华泰天天金ETF,100.009,90013,asset_class,商品（名称含「金ETF」）,
sh511660,货币ETF建信,100.001,268388495,asset_class,货币/理财（名称含「货币」）,
sh511650,货币ETF华夏,100.005,5350497,asset_class,货币/理财（名称含「货币」）,
sh511620,货币ETF国泰,100.009,22810791,asset_class,货币/理财（名称含「货币」）,
sh511600,华安日日鑫ETF,100.017,3723361,illiquid,当日成交额 372 万 ≤ 2000 万,
sh511580,国债政金债ETF招商,109.728,2736741501,asset_class,债券（名称含「债」）,
sh511520,政金债ETF富国,118.696,1523993784,asset_class,债券（名称含「债」）,
sh511380,可转债ETF博时,13.332,5098371216,asset_class,债券（名称含「债」）,
sh511360,短融ETF海富通,113.938,137198033807,asset_class,货币/理财（名称含「短融」）,
sh511270,10年地方债ETF海富通,121.474,1664736636,asset_class,债券（名称含「债」）,
sh511260,十年国债ETF国泰,134.821,3117693524,asset_class,债券（名称含「债」）,
sh511220,城投债ETF海富通,10.432,1542667678,asset_class,债券（名称含「债」）,
sh511200,信用债ETF华夏,103.57,9170407284,asset_class,债券（名称含「债」）,
sh511190,信用债ETF海富通,103.066,4281631062,asset_class,债券（名称含「债」）,
sh511180,可转债ETF海富通,12.25,1088904812,asset_class,债券（名称含「债」）,
sh511160,国债ETF东财,102.107,48968589,asset_class,债券（名称含「债」）,
sh511150,科创债ETF永赢,102.469,4907262417,asset_class,债券（名称含「债」）,
sh511130,30年国债ETF博时,109.38,2057225447,asset_class,债券（名称含「债」）,
sh511120,科创债ETF广发,102.17,3697065292,asset_class,债券（名称含「债」）,
sh511110,公司债ETF易方达,103.476,13252229721,asset_class,债券（名称含「债」）,
sh511100,国债ETF华夏,111.098,5973015801,asset_class,债券（名称含「债」）,
sh511090,30年国债ETF鹏扬,119.93,3338347948,asset_class,债券（名称含「债」）,
sh511070,公司债ETF南方,103.17,12773826052,asset_class,债券（名称含「债」）,
sh511060,5年地方债ETF海富通,108.702,3030801812,asset_class,债券（名称含「债」）,
sh511030,公司债ETF平安,108.51,3905212897,asset_class,债券（名称含「债」）,
sh511020,国债ETF平安,118.429,1372604989,asset_class,债券（名称含「债」）,
sh511010,国债ETF国泰,140.709,5322308301,asset_class,债券（名称含「债」）,
sh510990,180ESGETF工银,1.053,5751079,illiquid,当日成交额 575 万 ≤ 2000 万,
sh510980,上证指数ETF汇添富,1.412,75139156,asset_class,A股宽基指数（名称含「上证指数」）,
sh510950,上证50ETF广发,0.993,6631693,asset_class,A股宽基指数（名称含「上证50」）,
sh510910,上证指数ETF南方,0.99,25660790,asset_class,A股宽基指数（名称含「上证指数」）,
sh510900,恒生中国企业ETF易方达,1.028,56141179,asset_class,海外/地域宽基（名称含「恒生中国」）,
sh510880,红利ETF华泰柏瑞,3.38,554303373,not_carrier,按股息率/波动率选股，成分跨行业，驱动力是利率与risk-off而非产业变化,
sh510850,上证50ETF工银,3.578,6987924,asset_class,A股宽基指数（名称含「上证50」）,
sh510810,上海国企ETF汇添富,0.846,123867352,not_carrier,按所有制+股息率双重筛选，成分跨行业，驱动力是政策与资金再配置,
sh510800,上证50ETF建信,1.397,5348686,asset_class,A股宽基指数（名称含「上证50」）,
sh510770,G60创新ETF申万菱信,0.912,2383539,illiquid,当日成交额 238 万 ≤ 2000 万,
sh510760,上证指数ETF国泰,1.356,285718026,asset_class,A股宽基指数（名称含「上证指数」）,
sh510720,红利国企ETF国泰,1.05,103258463,not_carrier,按所有制+股息率双重筛选，成分跨行业，驱动力是政策与资金再配置,
sh510710,上证50ETF博时,4.307,5492159,asset_class,A股宽基指数（名称含「上证50」）,
sh510680,上证50ETF万家,3.182,392232,asset_class,A股宽基指数（名称含「上证50」）,
sh510670,上证180ETF华夏,0.992,214223,asset_class,A股宽基指数（名称含「上证180」）,
sh510660,医药ETF华夏,2.506,11072000,illiquid,当日成交额 1107 万 ≤ 2000 万,
sh510650,金融地产ETF华夏,2.952,2820680,illiquid,当日成交额 282 万 ≤ 2000 万,
sh510630,消费ETF华夏,0.801,25479823,dedup,同主题「消费」，代表为 sz159928 消费ETF汇添富,消费
sh510600,上证50ETF申万菱信,3.871,979575,asset_class,A股宽基指数（名称含「上证50」）,
sh510590,中证500ETF平安,8.539,1539186,asset_class,A股宽基指数（名称含「中证500」）,
sh510580,中证500ETF易方达,4.131,199322518,asset_class,A股宽基指数（名称含「中证500」）,
sh510570,中证500ETF兴业,1.237,5814947,asset_class,A股宽基指数（名称含「中证500」）,
sh510560,中证500ETF国寿,1.966,66526,asset_class,A股宽基指数（名称含「中证500」）,
sh510550,中证500ETF方正富邦,2.007,1022120,asset_class,A股宽基指数（名称含「中证500」）,
sh510530,中证500ETF工银,8.865,2633869,asset_class,A股宽基指数（名称含「中证500」）,
sh510510,中证500ETF广发,2.549,79602658,asset_class,A股宽基指数（名称含「中证500」）,
sh510500,中证500ETF南方,7.85,2601280160,asset_class,A股宽基指数（名称含「中证500」）,
sh510410,资源ETF博时,1.936,9957309,illiquid,当日成交额 996 万 ≤ 2000 万,
sh510390,沪深300ETF平安,5.24,602177,asset_class,A股宽基指数（名称含「沪深300」）,
sh510380,沪深300ETF国寿,1.376,376878,asset_class,A股宽基指数（名称含「沪深300」）,
sh510370,沪深300ETF兴业,1.022,1717229,asset_class,A股宽基指数（名称含「沪深300」）,
sh510360,沪深300ETF广发,1.768,58702161,asset_class,A股宽基指数（名称含「沪深300」）,
sh510350,沪深300ETF工银,4.861,58996158,asset_class,A股宽基指数（名称含「沪深300」）,
sh510330,沪深300ETF华夏,4.816,927273430,asset_class,A股宽基指数（名称含「沪深300」）,
sh510320,沪深300ETF中金,1.24,20236770,asset_class,A股宽基指数（名称含「沪深300」）,
sh510310,沪深300ETF易方达,4.484,1116653657,asset_class,A股宽基指数（名称含「沪深300」）,
sh510300,沪深300ETF华泰柏瑞,4.613,2987237086,asset_class,A股宽基指数（名称含「沪深300」）,
sh510290,上证380ETF南方,2.667,2573905,asset_class,A股宽基指数（名称含「上证380」）,
sh510270,国企ETF中银,1.53,414788,illiquid,当日成交额 41 万 ≤ 2000 万,
sh510230,金融ETF国泰,1.337,76350614,,,金融
sh510210,上证指数ETF富国,1.013,896674620,asset_class,A股宽基指数（名称含「上证指数」）,
sh510200,上证券商ETF汇安,1.167,1518029,illiquid,当日成交额 152 万 ≤ 2000 万,
sh510190,上证50ETF华安,4.292,902759,asset_class,A股宽基指数（名称含「上证50」）,
sh510180,上证180ETF华安,3.945,54033840,asset_class,A股宽基指数（名称含「上证180」）,
sh510170,大宗商品ETF国联安,1.365,6376284,asset_class,商品（名称含「商品」）,
sh510160,产业升级ETF南方,0.9,14637,illiquid,当日成交额 1 万 ≤ 2000 万,
sh510150,消费ETF招商,0.497,16935437,illiquid,当日成交额 1694 万 ≤ 2000 万,
sh510140,上证综指ETF华夏,1.044,4867436,illiquid,当日成交额 487 万 ≤ 2000 万,
sh510130,上证中盘ETF易方达,7.335,1234421,illiquid,当日成交额 123 万 ≤ 2000 万,
sh510100,上证50ETF易方达,2.971,222354310,asset_class,A股宽基指数（名称含「上证50」）,
sh510090,责任ETF建信,2.536,94604,illiquid,当日成交额 9 万 ≤ 2000 万,
sh510060,央企ETF工银,2.65,230630,illiquid,当日成交额 23 万 ≤ 2000 万,
sh510050,上证50ETF华夏,3.015,1803160539,asset_class,A股宽基指数（名称含「上证50」）,
sh510040,上证180ETF鹏华,1.157,886516,asset_class,A股宽基指数（名称含「上证180」）,
sh510030,价值ETF华宝,1.075,1945804,illiquid,当日成交额 195 万 ≤ 2000 万,
sh510020,超大盘ETF博时,3.917,650961,illiquid,当日成交额 65 万 ≤ 2000 万,
sh510010,180治理ETF交银,1.754,1063344,illiquid,当日成交额 106 万 ≤ 2000 万,
